"","Region","Confirmed","Day_Confirmed","Date","Cumulative_tests","Day_test"
"1","AK",272,15,"20200412",8038,306
"2","AL",3525,334,"20200412",21583,334
"3","AR",1280,54,"20200412",19722,1144
"4","AS",0,0,"20200412",3,0
"5","AZ",3539,146,"20200412",42109,1579
"6","CA",21794,2322,"20200412",190328,18252
"7","CO",6893,383,"20200412",34873,2220
"8","CT",12035,525,"20200412",41220,1389
"9","DC",1875,97,"20200412",10640,601
"10","DE",1479,0,"20200412",11103,0
"11","FL",19355,861,"20200412",182753,9820
"12","GA",12452,293,"20200412",54453,2738
"13","GU",133,0,"20200412",826,0
"14","HI",486,21,"20200412",17968,437
"15","IA",1587,77,"20200412",17592,460
"16","ID",1407,11,"20200412",14308,544
"17","IL",20852,1672,"20200412",100735,8586
"18","IN",7928,493,"20200412",42489,3274
"19","KS",1337,69,"20200412",13253,910
"20","KY",1840,147,"20200412",24567,279
"21","LA",20595,581,"20200412",104045,7130
"22","MA",25475,2615,"20200412",116730,7954
"23","MD",8225,531,"20200412",49764,2526
"24","ME",633,17,"20200412",6721,17
"25","MI",24638,645,"20200412",79437,3423
"26","MN",1621,194,"20200412",37421,2017
"27","MO",4160,136,"20200412",45200,2028
"28","MP",11,0,"20200412",38,0
"29","MS",2781,139,"20200412",21413,139
"30","MT",387,10,"20200412",8913,332
"31","NC",4520,208,"20200412",62139,1746
"32","ND",308,15,"20200412",10350,270
"33","NE",791,91,"20200412",10691,706
"34","NH",929,44,"20200412",10925,432
"35","NJ",61850,3699,"20200412",126735,6542
"36","NM",1174,83,"20200412",28692,1594
"37","NV",2836,136,"20200412",24611,1024
"38","NY",188694,8236,"20200412",461601,20621
"39","OH",6604,417,"20200412",63243,2835
"40","OK",1970,102,"20200412",22760,102
"41","OR",1527,156,"20200412",29758,2534
"42","PA",22833,1178,"20200412",124890,4737
"43","PR",897,109,"20200412",6716,345
"44","RI",2665,316,"20200412",20350,2143
"45","SC",3319,112,"20200412",31425,1332
"46","SD",730,104,"20200412",8553,549
"47","TN",5308,194,"20200412",70677,3849
"48","TX",13484,923,"20200412",124533,4000
"49","UT",2303,97,"20200412",44234,1688
"50","VA",5274,197,"20200412",39985,1986
"51","VI",51,0,"20200412",350,0
"52","VT",727,16,"20200412",9841,583
"53","WA",10224,0,"20200412",93615,0
"54","WI",3341,128,"20200412",39257,1364
"55","WV",611,34,"20200412",16257,805
"56","WY",261,0,"20200412",5459,0
"57","AK",257,11,"20200411",7732,300
"58","AL",3191,223,"20200411",21249,223
"59","AR",1226,55,"20200411",18578,1458
"60","AS",0,0,"20200411",3,0
"61","AZ",3393,281,"20200411",40530,2796
"62","CA",19472,0,"20200411",172076,7213
"63","CO",6510,0,"20200411",32653,0
"64","CT",11510,972,"20200411",39831,3543
"65","DC",1778,118,"20200411",10039,684
"66","DE",1479,153,"20200411",11103,638
"67","FL",18494,963,"20200411",172933,10103
"68","GA",12159,676,"20200411",51715,5568
"69","GU",133,3,"20200411",826,34
"70","HI",465,23,"20200411",17531,1382
"71","IA",1510,122,"20200411",17132,1179
"72","ID",1396,43,"20200411",13764,670
"73","IL",19180,1293,"20200411",92149,4622
"74","IN",7435,528,"20200411",39215,4175
"75","KS",1268,102,"20200411",12343,929
"76","KY",1693,0,"20200411",24288,0
"77","LA",20014,761,"20200411",96915,4635
"78","MA",22860,1886,"20200411",108776,6404
"79","MD",7694,726,"20200411",47238,2790
"80","ME",616,30,"20200411",6704,30
"81","MI",23993,1210,"20200411",76014,3970
"82","MN",1427,91,"20200411",35404,1510
"83","MO",4024,225,"20200411",43172,2432
"84","MP",11,0,"20200411",38,0
"85","MS",2642,173,"20200411",21274,173
"86","MT",377,12,"20200411",8581,284
"87","NC",4312,404,"20200411",60393,2748
"88","ND",293,15,"20200411",10080,472
"89","NE",700,65,"20200411",9985,631
"90","NH",885,66,"20200411",10493,535
"91","NJ",58151,3563,"20200411",120193,6670
"92","NM",1091,0,"20200411",27098,0
"93","NV",2700,116,"20200411",23587,838
"94","NY",180458,9946,"20200411",440980,23095
"95","OH",6187,351,"20200411",60408,1877
"96","OK",1868,74,"20200411",22658,494
"97","OR",1371,50,"20200411",27224,1597
"98","PA",21655,1676,"20200411",120153,7134
"99","PR",788,63,"20200411",6371,525
"100","RI",2349,334,"20200411",18207,3911
"101","SC",3207,142,"20200411",30093,1910
"102","SD",626,90,"20200411",8004,357
"103","TN",5114,252,"20200411",66828,4029
"104","TX",12561,890,"20200411",120533,4815
"105","UT",2206,104,"20200411",42546,1784
"106","VA",5077,568,"20200411",37999,2540
"107","VI",51,1,"20200411",350,27
"108","VT",711,32,"20200411",9258,1026
"109","WA",10224,0,"20200411",93615,0
"110","WI",3213,145,"20200411",37893,1600
"111","WV",577,23,"20200411",15452,897
"112","WY",261,-59,"20200411",5459,403
"113","AK",246,11,"20200410",7432,209
"114","AL",2968,199,"20200410",21026,199
"115","AR",1171,52,"20200410",17120,2169
"116","AS",0,0,"20200410",3,0
"117","AZ",3112,94,"20200410",37734,556
"118","CA",19472,1163,"20200410",164863,1363
"119","CO",6510,855,"20200410",32653,3454
"120","CT",10538,754,"20200410",36288,2786
"121","DC",1660,137,"20200410",9355,631
"122","DE",1326,119,"20200410",11741,1851
"123","FL",17531,1167,"20200410",162830,10281
"124","GA",11483,917,"20200410",46147,5062
"125","GU",130,2,"20200410",792,71
"126","HI",442,7,"20200410",16149,398
"127","IA",1388,118,"20200410",15953,980
"128","ID",1353,121,"20200410",13094,563
"129","IL",17887,1465,"20200410",87527,6670
"130","IN",6907,556,"20200410",35040,2907
"131","KS",1166,60,"20200410",11414,639
"132","KY",1693,347,"20200410",24288,2487
"133","LA",19253,970,"20200410",92280,5361
"134","MA",20974,2033,"20200410",102372,7414
"135","MD",6968,783,"20200410",44448,2919
"136","ME",586,26,"20200410",6674,26
"137","MI",22783,1279,"20200410",72044,4990
"138","MN",1336,94,"20200410",33894,1600
"139","MO",3799,260,"20200410",40740,2246
"140","MP",11,0,"20200410",38,0
"141","MS",2469,209,"20200410",21101,209
"142","MT",365,11,"20200410",8297,437
"143","NC",3908,257,"20200410",57645,9836
"144","ND",278,9,"20200410",9608,618
"145","NE",635,68,"20200410",9354,671
"146","NH",819,31,"20200410",9958,407
"147","NJ",54588,3561,"20200410",113523,6331
"148","NM",1091,226,"20200410",27098,3291
"149","NV",2584,128,"20200410",22749,978
"150","NY",170512,10575,"20200410",417885,26336
"151","OH",5836,324,"20200410",58531,2546
"152","OK",1794,110,"20200410",22164,1885
"153","OR",1321,0,"20200410",25627,0
"154","PA",19979,1751,"20200410",113019,7417
"155","PR",725,42,"20200410",5846,460
"156","RI",2015,288,"20200410",14296,1887
"157","SC",3065,273,"20200410",28183,816
"158","SD",536,89,"20200410",7647,500
"159","TN",4862,228,"20200410",62799,2950
"160","TX",11671,1441,"20200410",115718,9584
"161","UT",2102,126,"20200410",40762,2389
"162","VA",4509,467,"20200410",35459,2433
"163","VI",50,4,"20200410",323,26
"164","VT",679,51,"20200410",8232,51
"165","WA",10224,455,"20200410",93615,455
"166","WI",3068,183,"20200410",36293,1984
"167","WV",554,31,"20200410",14555,692
"168","WY",320,90,"20200410",5056,906
"169","AK",235,9,"20200409",7223,155
"170","AL",2769,400,"20200409",20827,1705
"171","AR",1119,119,"20200409",14951,421
"172","AS",0,0,"20200409",3,0
"173","AZ",3018,292,"20200409",37178,2614
"174","CA",18309,1352,"20200409",163500,19236
"175","CO",5655,226,"20200409",29199,1105
"176","CT",9784,2003,"20200409",33502,4466
"177","DC",1523,83,"20200409",8724,441
"178","DE",1207,279,"20200409",9890,1334
"179","FL",16364,909,"20200409",152549,9415
"180","GA",10566,665,"20200409",41085,2298
"181","GU",128,3,"20200409",721,34
"182","HI",435,25,"20200409",15751,602
"183","IA",1270,125,"20200409",14973,1007
"184","ID",1232,22,"20200409",12531,633
"185","IL",16422,1344,"20200409",80857,5791
"186","IN",6351,408,"20200409",32133,1264
"187","KS",1106,206,"20200409",10775,1261
"188","KY",1346,197,"20200409",21801,197
"189","LA",18283,1253,"20200409",86919,5513
"190","MA",18941,2151,"20200409",94958,7447
"191","MD",6185,656,"20200409",41529,3067
"192","ME",560,23,"20200409",6648,23
"193","MI",21504,915,"20200409",67054,915
"194","MN",1242,88,"20200409",32294,1541
"195","MO",3539,212,"20200409",38494,4384
"196","MP",11,0,"20200409",38,0
"197","MS",2260,257,"20200409",20892,257
"198","MT",354,22,"20200409",7860,462
"199","NC",3651,225,"20200409",47809,4822
"200","ND",269,18,"20200409",8990,438
"201","NE",567,48,"20200409",8683,722
"202","NH",788,0,"20200409",9551,374
"203","NJ",51027,3590,"20200409",107192,6776
"204","NM",865,71,"20200409",23807,1562
"205","NV",2456,138,"20200409",21771,1205
"206","NY",159937,10621,"20200409",391549,26396
"207","OH",5512,364,"20200409",55985,2644
"208","OK",1684,160,"20200409",20279,6934
"209","OR",1321,82,"20200409",25627,1063
"210","PA",18228,1989,"20200409",105602,7064
"211","PR",683,63,"20200409",5386,500
"212","RI",1727,277,"20200409",12409,277
"213","SC",2792,240,"20200409",27367,2733
"214","SD",447,54,"20200409",7147,399
"215","TN",4634,272,"20200409",59849,3231
"216","TX",10230,877,"20200409",106134,9876
"217","UT",1976,130,"20200409",38373,2257
"218","VA",4042,397,"20200409",33026,2381
"219","VI",46,1,"20200409",297,10
"220","VT",628,23,"20200409",8181,432
"221","WA",9769,263,"20200409",93160,263
"222","WI",2885,129,"20200409",34309,1438
"223","WV",523,61,"20200409",13863,1318
"224","WY",230,9,"20200409",4150,86
"225","AK",226,13,"20200408",7068,155
"226","AL",2369,250,"20200408",19122,4206
"227","AR",1000,54,"20200408",14530,892
"228","AS",0,0,"20200408",3,0
"229","AZ",2726,151,"20200408",34564,1189
"230","CA",16957,1092,"20200408",144264,13035
"231","CO",5429,257,"20200408",28094,1219
"232","CT",7781,0,"20200408",29036,0
"233","DC",1440,229,"20200408",8283,460
"234","DE",928,0,"20200408",8556,0
"235","FL",15455,708,"20200408",143134,4972
"236","GA",9901,1083,"20200408",38787,5074
"237","GU",125,4,"20200408",687,37
"238","HI",410,23,"20200408",15149,1607
"239","IA",1145,97,"20200408",13966,1248
"240","ID",1210,40,"20200408",11898,652
"241","IL",15078,1529,"20200408",75066,6334
"242","IN",5943,436,"20200408",30869,2105
"243","KS",900,0,"20200408",9514,0
"244","KY",1149,141,"20200408",21604,1649
"245","LA",17030,746,"20200408",81406,6751
"246","MA",16790,1588,"20200408",87511,6167
"247","MD",5529,1158,"20200408",38462,6835
"248","ME",537,18,"20200408",6625,18
"249","MI",20589,766,"20200408",66139,766
"250","MN",1154,85,"20200408",30753,1493
"251","MO",3327,290,"20200408",34110,2141
"252","MP",11,3,"20200408",38,15
"253","MS",2003,88,"20200408",20635,88
"254","MT",332,13,"20200408",7398,413
"255","NC",3426,205,"20200408",42987,1905
"256","ND",251,14,"20200408",8552,849
"257","NE",519,72,"20200408",7961,703
"258","NH",788,73,"20200408",9177,443
"259","NJ",47437,3021,"20200408",100416,5442
"260","NM",794,108,"20200408",22245,420
"261","NV",2318,231,"20200408",20566,1927
"262","NY",149316,10453,"20200408",365153,25095
"263","OH",5148,366,"20200408",53341,2503
"264","OK",1524,52,"20200408",13345,52
"265","OR",1239,58,"20200408",24564,1557
"266","PA",16239,1680,"20200408",98538,7260
"267","PR",620,47,"20200408",4886,347
"268","RI",1450,220,"20200408",12132,1825
"269","SC",2552,135,"20200408",24634,954
"270","SD",393,73,"20200408",6748,480
"271","TN",4362,224,"20200408",56618,3744
"272","TX",9353,1091,"20200408",96258,7609
"273","UT",1846,108,"20200408",36116,1469
"274","VA",3645,312,"20200408",30645,2000
"275","VI",45,2,"20200408",287,22
"276","VT",605,30,"20200408",7749,620
"277","WA",9506,463,"20200408",92897,463
"278","WI",2756,178,"20200408",32871,1781
"279","WV",462,50,"20200408",12545,486
"280","WY",221,5,"20200408",4064,59
"281","AK",213,22,"20200407",6913,30
"282","AL",2119,151,"20200407",14916,151
"283","AR",946,71,"20200407",13638,793
"284","AS",0,0,"20200407",3,0
"285","AZ",2575,119,"20200407",33375,841
"286","CA",15865,1529,"20200407",131229,13798
"287","CO",5172,222,"20200407",26875,1102
"288","CT",7781,875,"20200407",29036,2350
"289","DC",1211,114,"20200407",7823,370
"290","DE",928,255,"20200407",8556,1562
"291","FL",14747,1423,"20200407",138162,14888
"292","GA",8818,1504,"20200407",33713,2439
"293","GU",121,8,"20200407",650,32
"294","HI",387,16,"20200407",13542,16
"295","IA",1048,102,"20200407",12718,1119
"296","ID",1170,69,"20200407",11246,251
"297","IL",13549,1287,"20200407",68732,5790
"298","IN",5507,563,"20200407",28764,2573
"299","KS",900,55,"20200407",9514,430
"300","KY",1008,53,"20200407",19955,1188
"301","LA",16284,1417,"20200407",74655,5489
"302","MA",15202,1365,"20200407",81344,4915
"303","MD",4371,326,"20200407",31627,2010
"304","ME",519,20,"20200407",6607,20
"305","MI",19823,973,"20200407",65373,3403
"306","MN",1069,83,"20200407",29260,1132
"307","MO",3037,315,"20200407",31969,2134
"308","MP",8,0,"20200407",23,2
"309","MS",1915,177,"20200407",20547,177
"310","MT",319,20,"20200407",6985,195
"311","NC",3221,351,"20200407",41082,356
"312","ND",237,12,"20200407",7703,490
"313","NE",447,38,"20200407",7258,471
"314","NH",715,46,"20200407",8734,364
"315","NJ",44416,3326,"20200407",94974,5942
"316","NM",686,62,"20200407",21825,2689
"317","NV",2087,134,"20200407",18639,1010
"318","NY",138863,8174,"20200407",340058,19247
"319","OH",4782,332,"20200407",50838,2460
"320","OK",1472,145,"20200407",13293,10544
"321","OR",1181,49,"20200407",23007,1206
"322","PA",14559,1579,"20200407",91278,7424
"323","PR",573,60,"20200407",4539,594
"324","RI",1230,148,"20200407",10307,1826
"325","SC",2417,368,"20200407",23680,4704
"326","SD",320,32,"20200407",6268,248
"327","TN",4138,336,"20200407",52874,5524
"328","TX",8262,986,"20200407",88649,3292
"329","UT",1738,63,"20200407",34647,1253
"330","VA",3333,455,"20200407",28645,4124
"331","VI",43,0,"20200407",265,0
"332","VT",575,32,"20200407",7129,496
"333","WA",9043,364,"20200407",92434,364
"334","WI",2578,138,"20200407",31090,2076
"335","WV",412,67,"20200407",12059,2119
"336","WY",216,6,"20200407",4005,76
"337","AK",191,6,"20200406",6883,599
"338","AL",1968,172,"20200406",14765,1687
"339","AR",875,45,"20200406",12845,1603
"340","AS",0,0,"20200406",3,0
"341","AZ",2456,187,"20200406",32534,5124
"342","CA",14336,898,"20200406",117431,898
"343","CO",4950,385,"20200406",25773,1873
"344","CT",6906,1231,"20200406",26686,3416
"345","DC",1097,99,"20200406",7453,619
"346","DE",673,0,"20200406",6994,0
"347","FL",13324,1173,"20200406",123274,9870
"348","GA",7314,667,"20200406",31274,3442
"349","GU",113,1,"20200406",618,13
"350","HI",371,20,"20200406",13526,571
"351","IA",946,78,"20200406",11599,758
"352","ID",1101,24,"20200406",10995,734
"353","IL",12262,1006,"20200406",62942,3959
"354","IN",4944,533,"20200406",26191,3539
"355","KS",845,98,"20200406",9084,861
"356","KY",955,38,"20200406",18767,2104
"357","LA",14867,1857,"20200406",69166,8841
"358","MA",13837,1337,"20200406",76429,4492
"359","MD",4045,436,"20200406",29617,1280
"360","ME",499,29,"20200406",6587,29
"361","MI",18850,1283,"20200406",61970,4072
"362","MN",986,51,"20200406",28128,1351
"363","MO",2722,355,"20200406",29835,2586
"364","MP",8,0,"20200406",21,0
"365","MS",1738,100,"20200406",20370,13152
"366","MT",299,13,"20200406",6790,187
"367","NC",2870,285,"20200406",40726,681
"368","ND",225,18,"20200406",7213,426
"369","NE",409,46,"20200406",6787,866
"370","NH",669,48,"20200406",8370,338
"371","NJ",41090,3585,"20200406",89032,6866
"372","NM",624,81,"20200406",19136,2308
"373","NV",1953,117,"20200406",17629,798
"374","NY",130689,8658,"20200406",320811,18531
"375","OH",4450,407,"20200406",48378,4622
"376","OK",1327,75,"20200406",2749,96
"377","OR",1132,64,"20200406",21801,1177
"378","PA",12980,1470,"20200406",83854,6083
"379","PR",513,38,"20200406",3945,397
"380","RI",1082,160,"20200406",8481,1300
"381","SC",2049,0,"20200406",18976,0
"382","SD",288,48,"20200406",6020,427
"383","TN",3802,169,"20200406",47350,2050
"384","TX",7276,464,"20200406",85357,14419
"385","UT",1675,70,"20200406",33394,2502
"386","VA",2878,241,"20200406",24521,850
"387","VI",43,1,"20200406",265,17
"388","VT",543,31,"20200406",6633,51
"389","WA",8679,347,"20200406",92070,3411
"390","WI",2440,173,"20200406",29014,1578
"391","WV",345,21,"20200406",9940,1102
"392","WY",210,13,"20200406",3929,692
"393","AK",185,14,"20200405",6284,244
"394","AL",1796,216,"20200405",13078,2225
"395","AR",830,87,"20200405",11242,872
"396","AS",0,0,"20200405",3,0
"397","AZ",2269,250,"20200405",27410,250
"398","CA",13438,1412,"20200405",116533,2833
"399","CO",4565,392,"20200405",23900,1829
"400","CT",5675,399,"20200405",23270,1241
"401","DC",998,96,"20200405",6834,396
"402","DE",673,80,"20200405",6994,527
"403","FL",12151,1040,"20200405",113404,11337
"404","GA",6647,487,"20200405",27832,1538
"405","GU",112,19,"20200405",605,40
"406","HI",351,32,"20200405",12955,677
"407","IA",868,82,"20200405",10841,601
"408","ID",1077,64,"20200405",10261,1391
"409","IL",11256,899,"20200405",58983,5402
"410","IN",4411,458,"20200405",22652,2852
"411","KS",747,49,"20200405",8223,645
"412","KY",917,86,"20200405",16663,1091
"413","LA",13010,514,"20200405",60325,1827
"414","MA",12500,764,"20200405",71937,3137
"415","MD",3609,484,"20200405",28337,2727
"416","ME",470,14,"20200405",6558,14
"417","MI",17567,1172,"20200405",57898,4098
"418","MN",935,70,"20200405",26777,1354
"419","MO",2367,76,"20200405",27249,2344
"420","MP",8,0,"20200405",21,0
"421","MS",1638,183,"20200405",7218,630
"422","MT",286,21,"20200405",6603,426
"423","NC",2585,183,"20200405",40045,1272
"424","ND",207,21,"20200405",6787,580
"425","NE",363,42,"20200405",5921,542
"426","NH",621,81,"20200405",8032,527
"427","NJ",37505,3381,"20200405",82166,6810
"428","NM",543,48,"20200405",16828,1196
"429","NV",1836,94,"20200405",16831,668
"430","NY",122031,8327,"20200405",302280,18659
"431","OH",4043,304,"20200405",43756,1885
"432","OK",1252,93,"20200405",2653,132
"433","OR",1068,69,"20200405",20624,3090
"434","PA",11510,1493,"20200405",77771,7741
"435","PR",475,23,"20200405",3548,491
"436","RI",922,116,"20200405",7181,791
"437","SC",2049,132,"20200405",18976,662
"438","SD",240,28,"20200405",5593,369
"439","TN",3633,312,"20200405",45300,3909
"440","TX",6812,702,"20200405",70938,7187
"441","UT",1605,177,"20200405",30892,2849
"442","VA",2637,230,"20200405",23671,2119
"443","VI",42,2,"20200405",248,24
"444","VT",512,51,"20200405",6582,738
"445","WA",8332,398,"20200405",88659,5092
"446","WI",2267,155,"20200405",27436,1465
"447","WV",324,42,"20200405",8838,1152
"448","WY",197,10,"20200405",3237,105
"449","AK",171,14,"20200404",6040,24
"450","AL",1580,148,"20200404",10853,1234
"451","AR",743,39,"20200404",10370,671
"452","AS",0,0,"20200404",3,0
"453","AZ",2019,250,"20200404",27160,2487
"454","CA",12026,1325,"20200404",113700,78400
"455","CO",4173,445,"20200404",22071,1660
"456","CT",5276,362,"20200404",22029,2014
"457","DC",902,145,"20200404",6438,854
"458","DE",593,143,"20200404",6467,1022
"459","FL",11111,1526,"20200404",102067,10345
"460","GA",6160,329,"20200404",26294,1029
"461","GU",93,9,"20200404",565,22
"462","HI",319,34,"20200404",12278,1787
"463","IA",786,87,"20200404",10240,787
"464","ID",1013,122,"20200404",8870,925
"465","IL",10357,1453,"20200404",53581,5533
"466","IN",3953,516,"20200404",19800,1965
"467","KS",698,78,"20200404",7578,504
"468","KY",831,61,"20200404",15572,2768
"469","LA",12496,2199,"20200404",58498,4853
"470","MA",11736,1334,"20200404",68800,5838
"471","MD",3125,367,"20200404",25610,1920
"472","ME",456,24,"20200404",6544,24
"473","MI",16395,1143,"20200404",53800,4878
"474","MN",865,76,"20200404",25423,1196
"475","MO",2291,178,"20200404",24905,3435
"476","MP",8,0,"20200404",21,0
"477","MS",1455,97,"20200404",6588,477
"478","MT",265,22,"20200404",6177,601
"479","NC",2402,309,"20200404",38773,7175
"480","ND",186,13,"20200404",6207,409
"481","NE",321,42,"20200404",5379,613
"482","NH",540,61,"20200404",7505,451
"483","NJ",34124,4229,"20200404",75356,7853
"484","NM",495,92,"20200404",15632,854
"485","NV",1742,228,"20200404",16163,1631
"486","NY",113704,10841,"20200404",283621,23101
"487","OH",3739,427,"20200404",41871,3496
"488","OK",1159,171,"20200404",2521,218
"489","OR",999,100,"20200404",17534,100
"490","PA",10017,1597,"20200404",70030,7915
"491","PR",452,74,"20200404",3057,630
"492","RI",806,97,"20200404",6390,824
"493","SC",1917,363,"20200404",18314,11319
"494","SD",212,25,"20200404",5224,444
"495","TN",3321,254,"20200404",41391,3552
"496","TX",6110,780,"20200404",63751,7987
"497","UT",1428,182,"20200404",28043,3795
"498","VA",2407,395,"20200404",21552,2547
"499","VI",40,2,"20200404",224,32
"500","VT",461,72,"20200404",5844,616
"501","WA",7934,386,"20200404",83567,3186
"502","WI",2112,200,"20200404",25971,1682
"503","WV",282,45,"20200404",7686,1319
"504","WY",187,25,"20200404",3132,266
"505","AK",157,14,"20200403",6016,994
"506","AL",1432,199,"20200403",9619,883
"507","AR",704,61,"20200403",9699,1176
"508","AS",0,0,"20200403",3,0
"509","AZ",1769,171,"20200403",24673,1964
"510","CA",10701,1510,"20200403",35300,2300
"511","CO",3728,386,"20200403",20411,1766
"512","CT",4914,1090,"20200403",20015,1715
"513","DC",757,104,"20200403",5584,514
"514","DE",450,57,"20200403",5445,486
"515","FL",9585,1575,"20200403",91722,14426
"516","GA",5831,483,"20200403",25265,2308
"517","GU",84,2,"20200403",543,19
"518","HI",285,27,"20200403",10491,27
"519","IA",699,85,"20200403",9453,785
"520","ID",891,222,"20200403",7945,663
"521","IL",8904,1209,"20200403",48048,4392
"522","IN",3437,398,"20200403",17835,1550
"523","KS",620,68,"20200403",7074,463
"524","KY",770,90,"20200403",12804,4904
"525","LA",10297,1147,"20200403",53645,2559
"526","MA",10402,1436,"20200403",62962,6354
"527","MD",2758,427,"20200403",23690,2469
"528","ME",432,56,"20200403",6520,56
"529","MI",15252,1135,"20200403",48922,4437
"530","MN",789,47,"20200403",24227,1833
"531","MO",2113,279,"20200403",21470,1787
"532","MP",8,0,"20200403",21,0
"533","MS",1358,181,"20200403",6111,181
"534","MT",243,16,"20200403",5576,256
"535","NC",2093,236,"20200403",31598,2919
"536","ND",173,14,"20200403",5798,818
"537","NE",279,33,"20200403",4766,542
"538","NH",479,64,"20200403",7054,561
"539","NJ",29895,4305,"20200403",67503,8393
"540","NM",403,40,"20200403",14778,767
"541","NV",1514,56,"20200403",14532,486
"542","NY",102863,10482,"20200403",260520,21555
"543","OH",3312,410,"20200403",38375,3457
"544","OK",988,109,"20200403",2303,159
"545","OR",899,73,"20200403",17434,1349
"546","PA",8420,1404,"20200403",62115,7401
"547","PR",378,62,"20200403",2427,507
"548","RI",709,52,"20200403",5566,497
"549","SC",1554,0,"20200403",6995,0
"550","SD",187,22,"20200403",4780,398
"551","TN",3067,222,"20200403",37839,3228
"552","TX",5330,661,"20200403",55764,5085
"553","UT",1246,172,"20200403",24248,3019
"554","VA",2012,306,"20200403",19005,1416
"555","VI",38,5,"20200403",192,10
"556","VT",389,51,"20200403",5228,179
"557","WA",7548,586,"20200403",80381,4605
"558","WI",1912,182,"20200403",24289,2242
"559","WV",237,20,"20200403",6367,874
"560","WY",162,12,"20200403",2866,277
"561","AK",143,10,"20200402",5022,419
"562","AL",1233,156,"20200402",8736,962
"563","AR",643,59,"20200402",8523,585
"564","AS",0,0,"20200402",3,0
"565","AZ",1598,185,"20200402",22709,1651
"566","CA",9191,1036,"20200402",33000,3073
"567","CO",3342,376,"20200402",18645,1796
"568","CT",3824,267,"20200402",18300,1700
"569","DC",653,67,"20200402",5070,1222
"570","DE",393,25,"20200402",4959,576
"571","FL",8010,1055,"20200402",77296,10812
"572","GA",5348,710,"20200402",22957,2631
"573","GU",82,5,"20200402",524,41
"574","HI",258,50,"20200402",10464,1535
"575","IA",614,65,"20200402",8668,815
"576","ID",669,144,"20200402",7282,681
"577","IL",7695,715,"20200402",43656,3272
"578","IN",3039,474,"20200402",16285,1910
"579","KS",552,70,"20200402",6611,718
"580","KY",680,89,"20200402",7900,344
"581","LA",9150,2726,"20200402",51086,5310
"582","MA",8966,1228,"20200402",56608,4870
"583","MD",2331,346,"20200402",21221,2003
"584","ME",376,32,"20200402",6464,32
"585","MI",14117,1229,"20200402",44485,4360
"586","MN",742,53,"20200402",22394,1203
"587","MO",1834,253,"20200402",19683,2256
"588","MP",8,2,"20200402",21,15
"589","MS",1177,104,"20200402",5930,1145
"590","MT",227,19,"20200402",5320,402
"591","NC",1857,273,"20200402",28679,2436
"592","ND",159,17,"20200402",4980,487
"593","NE",246,36,"20200402",4224,539
"594","NH",415,0,"20200402",6493,93
"595","NJ",25590,3335,"20200402",59110,6468
"596","NM",363,48,"20200402",14011,771
"597","NV",1458,179,"20200402",14046,1248
"598","NY",92381,8669,"20200402",238965,18085
"599","OH",2902,355,"20200402",34918,5379
"600","OK",879,160,"20200402",2144,177
"601","OR",826,90,"20200402",16085,2213
"602","PA",7016,1211,"20200402",54714,6482
"603","PR",316,30,"20200402",1920,225
"604","RI",657,91,"20200402",5069,672
"605","SC",1554,261,"20200402",6995,669
"606","SD",165,36,"20200402",4382,350
"607","TN",2845,162,"20200402",34611,2159
"608","TX",4669,672,"20200402",50679,2822
"609","UT",1074,62,"20200402",21229,62
"610","VA",1706,222,"20200402",17589,2245
"611","VI",33,3,"20200402",182,26
"612","VT",338,17,"20200402",5049,554
"613","WA",6962,369,"20200402",75776,8617
"614","WI",1730,180,"20200402",22047,1678
"615","WV",217,26,"20200402",5493,918
"616","WY",150,20,"20200402",2589,241
"617","AK",133,14,"20200401",4603,890
"618","AL",1077,96,"20200401",7774,495
"619","AR",584,61,"20200401",7938,1456
"620","AS",0,0,"20200401",3,0
"621","AZ",1413,124,"20200401",21058,1687
"622","CA",8155,673,"20200401",29927,673
"623","CO",2966,339,"20200401",16849,1485
"624","CT",3557,429,"20200401",16600,443
"625","DC",586,91,"20200401",3848,91
"626","DE",368,49,"20200401",4383,368
"627","FL",6955,617,"20200401",66484,5861
"628","GA",4638,709,"20200401",20326,4145
"629","GU",77,8,"20200401",483,43
"630","HI",208,4,"20200401",8929,254
"631","IA",549,52,"20200401",7853,468
"632","ID",525,110,"20200401",6601,889
"633","IL",6980,986,"20200401",40384,5159
"634","IN",2565,406,"20200401",14375,1002
"635","KS",482,54,"20200401",5893,469
"636","KY",591,111,"20200401",7556,746
"637","LA",6424,1187,"20200401",45776,6809
"638","MA",7738,1118,"20200401",51738,4803
"639","MD",1985,325,"20200401",19218,2690
"640","ME",344,41,"20200401",6432,41
"641","MI",12888,1013,"20200401",40125,4271
"642","MN",689,60,"20200401",21191,1411
"643","MO",1581,254,"20200401",17427,1486
"644","MP",6,4,"20200401",6,4
"645","MS",1073,136,"20200401",4785,311
"646","MT",208,24,"20200401",4918,500
"647","NC",1584,86,"20200401",26243,3137
"648","ND",142,16,"20200401",4493,236
"649","NE",210,38,"20200401",3685,582
"650","NH",415,101,"20200401",6400,673
"651","NJ",22255,3559,"20200401",52642,6869
"652","NM",315,34,"20200401",13240,713
"653","NV",1279,166,"20200401",12798,1004
"654","NY",83712,7917,"20200401",220880,15694
"655","OH",2547,348,"20200401",29539,348
"656","OK",719,154,"20200401",1967,173
"657","OR",736,46,"20200401",13872,46
"658","PA",5805,962,"20200401",48232,5744
"659","PR",286,47,"20200401",1695,261
"660","RI",566,77,"20200401",4397,432
"661","SC",1293,210,"20200401",6326,627
"662","SD",129,21,"20200401",4032,315
"663","TN",2683,444,"20200401",32452,5092
"664","TX",3997,731,"20200401",47857,4865
"665","UT",1012,125,"20200401",21167,2654
"666","VA",1484,234,"20200401",15344,1943
"667","VI",30,0,"20200401",156,0
"668","VT",321,28,"20200401",4495,245
"669","WA",6593,563,"20200401",67159,563
"670","WI",1550,199,"20200401",20369,1643
"671","WV",191,29,"20200401",4575,432
"672","WY",130,21,"20200401",2348,240
"673","AK",119,5,"20200331",3713,59
"674","AL",981,122,"20200331",7279,726
"675","AR",523,50,"20200331",6482,747
"676","AS",0,0,"20200331",3,3
"677","AZ",1289,132,"20200331",19371,2612
"678","CA",7482,1035,"20200331",29254,2258
"679","CO",2627,0,"20200331",15364,0
"680","CT",3128,557,"20200331",16157,1557
"681","DC",495,94,"20200331",3757,674
"682","DE",319,55,"20200331",4015,1535
"683","FL",6338,865,"20200331",60623,6925
"684","GA",3929,1120,"20200331",16181,3457
"685","GU",69,11,"20200331",440,30
"686","HI",204,29,"20200331",8675,675
"687","IA",497,73,"20200331",7385,799
"688","ID",415,105,"20200331",5712,1006
"689","IL",5994,937,"20200331",35225,4779
"690","IN",2159,373,"20200331",13373,1715
"691","KS",428,60,"20200331",5424,502
"692","KY",480,41,"20200331",6810,792
"693","LA",5237,1212,"20200331",38967,4934
"694","MA",6620,868,"20200331",46935,4142
"695","MD",1660,247,"20200331",16528,1799
"696","ME",303,28,"20200331",6391,2722
"697","MI",11875,974,"20200331",35854,3770
"698","MN",629,53,"20200331",19780,958
"699","MO",1327,296,"20200331",15941,1706
"700","MP",2,0,"20200331",2,0
"701","MS",937,90,"20200331",4474,638
"702","MT",184,13,"20200331",4418,104
"703","NC",1498,191,"20200331",23106,2242
"704","ND",126,17,"20200331",4257,420
"705","NE",172,27,"20200331",3103,374
"706","NH",314,0,"20200331",5727,27
"707","NJ",18696,2060,"20200331",45773,3913
"708","NM",281,44,"20200331",12527,1348
"709","NV",1113,105,"20200331",11794,579
"710","NY",75795,9298,"20200331",205186,18718
"711","OH",2199,266,"20200331",29191,1916
"712","OK",565,84,"20200331",1794,106
"713","OR",690,84,"20200331",13826,943
"714","PA",4843,756,"20200331",42488,4624
"715","PR",239,65,"20200331",1434,329
"716","RI",489,87,"20200331",3965,376
"717","SC",1083,158,"20200331",5699,614
"718","SD",108,7,"20200331",3717,138
"719","TN",2239,405,"20200331",27360,4056
"720","TX",3266,389,"20200331",42992,7112
"721","UT",887,81,"20200331",18513,2510
"722","VA",1250,230,"20200331",13401,1363
"723","VI",30,0,"20200331",156,0
"724","VT",293,37,"20200331",4250,320
"725","WA",6030,464,"20200331",66596,464
"726","WI",1351,130,"20200331",18726,1649
"727","WV",162,36,"20200331",4143,1033
"728","WY",109,15,"20200331",2108,174
"729","AK",114,12,"20200330",3654,320
"730","AL",859,53,"20200330",6553,1563
"731","AR",473,47,"20200330",5735,2282
"732","AS",0,0,"20200330",0,0
"733","AZ",1157,238,"20200330",16759,2887
"734","CA",6447,739,"20200330",26996,739
"735","CO",2627,566,"20200330",15364,2088
"736","CT",2571,578,"20200330",14600,2700
"737","DC",401,59,"20200330",3083,272
"738","DE",264,32,"20200330",2480,2212
"739","FL",5473,1227,"20200330",53698,10382
"740","GA",2809,158,"20200330",12724,160
"741","GU",58,2,"20200330",410,20
"742","HI",175,24,"20200330",8000,1000
"743","IA",424,88,"20200330",6586,1237
"744","ID",310,49,"20200330",4706,424
"745","IL",5057,461,"20200330",30446,2684
"746","IN",1786,272,"20200330",11658,1828
"747","KS",368,49,"20200330",4922,409
"748","KY",439,45,"20200330",6018,477
"749","LA",4025,485,"20200330",34033,6162
"750","MA",5752,797,"20200330",42793,3727
"751","MD",1413,174,"20200330",14729,1136
"752","ME",275,22,"20200330",3669,22
"753","MI",10901,891,"20200330",32084,6398
"754","MN",576,73,"20200330",18822,1165
"755","MO",1031,193,"20200330",14235,1850
"756","MP",2,0,"20200330",2,0
"757","MS",847,89,"20200330",3836,518
"758","MT",171,17,"20200330",4314,17
"759","NC",1307,267,"20200330",20864,1919
"760","ND",109,11,"20200330",3837,384
"761","NE",145,37,"20200330",2729,653
"762","NH",314,100,"20200330",5700,962
"763","NJ",16636,3250,"20200330",41860,6258
"764","NM",237,0,"20200330",11179,173
"765","NV",1008,270,"20200330",11215,2065
"766","NY",66497,6984,"20200330",186468,14108
"767","OH",1933,280,"20200330",27275,6610
"768","OK",481,52,"20200330",1688,54
"769","OR",606,58,"20200330",12883,1457
"770","PA",4087,693,"20200330",37864,4409
"771","PR",174,47,"20200330",1105,137
"772","RI",402,108,"20200330",3589,455
"773","SC",925,151,"20200330",5085,1296
"774","SD",101,11,"20200330",3579,362
"775","TN",1834,297,"20200330",23304,2730
"776","TX",2877,325,"20200330",35880,10120
"777","UT",806,87,"20200330",16003,2010
"778","VA",1020,130,"20200330",12038,1429
"779","VI",30,7,"20200330",156,10
"780","VT",256,21,"20200330",3930,229
"781","WA",5566,464,"20200330",66132,6134
"782","WI",1221,109,"20200330",17077,585
"783","WV",126,13,"20200330",3110,292
"784","WY",94,8,"20200330",1934,294
"785","AK",102,17,"20200329",3334,413
"786","AL",806,110,"20200329",4990,110
"787","AR",426,22,"20200329",3453,111
"788","AS",0,0,"20200329",0,0
"789","AZ",919,46,"20200329",13872,5544
"790","CA",5708,1065,"20200329",26257,1065
"791","CO",2061,327,"20200329",13276,1600
"792","CT",1993,702,"20200329",11900,3500
"793","DC",342,38,"20200329",2811,296
"794","DE",232,18,"20200329",268,18
"795","FL",4246,483,"20200329",43316,4187
"796","GA",2651,285,"20200329",12564,1513
"797","GU",56,1,"20200329",390,36
"798","HI",151,31,"20200329",7000,2523
"799","IA",336,38,"20200329",5349,676
"800","ID",261,31,"20200329",4282,710
"801","IL",4596,1105,"20200329",27762,2271
"802","IN",1514,282,"20200329",9830,1423
"803","KS",319,58,"20200329",4513,581
"804","KY",394,92,"20200329",5541,418
"805","LA",3540,225,"20200329",27871,2710
"806","MA",4955,698,"20200329",39066,4017
"807","MD",1239,247,"20200329",13593,1085
"808","ME",253,42,"20200329",3647,42
"809","MI",10010,723,"20200329",25686,2216
"810","MN",503,62,"20200329",17657,1528
"811","MO",838,0,"20200329",12385,1465
"812","MP",2,0,"20200329",2,0
"813","MS",758,95,"20200329",3318,95
"814","MT",154,25,"20200329",4297,912
"815","NC",1040,105,"20200329",18945,1418
"816","ND",98,15,"20200329",3453,561
"817","NE",108,12,"20200329",2076,76
"818","NH",214,27,"20200329",4738,895
"819","NJ",13386,2262,"20200329",35602,5092
"820","NM",237,46,"20200329",11006,1619
"821","NV",738,117,"20200329",9150,628
"822","NY",59513,7195,"20200329",172360,16426
"823","OH",1653,247,"20200329",20665,247
"824","OK",429,52,"20200329",1634,77
"825","OR",548,69,"20200329",11426,1254
"826","PA",3394,643,"20200329",33455,5450
"827","PR",127,27,"20200329",968,129
"828","RI",294,55,"20200329",3134,354
"829","SC",774,235,"20200329",3789,842
"830","SD",90,22,"20200329",3217,557
"831","TN",1537,164,"20200329",20574,2236
"832","TX",2552,500,"20200329",25760,500
"833","UT",719,117,"20200329",13993,2681
"834","VA",890,151,"20200329",10609,1443
"835","VI",23,1,"20200329",146,18
"836","VT",235,24,"20200329",3701,1327
"837","WA",5102,395,"20200329",59998,6276
"838","WI",1112,123,"20200329",17662,1441
"839","WV",113,17,"20200329",2818,391
"840","WY",86,4,"20200329",1640,83
"841","AK",85,16,"20200328",2921,533
"842","AL",696,109,"20200328",4880,109
"843","AR",404,23,"20200328",3342,1416
"844","AS",0,0,"20200328",0,0
"845","AZ",873,137,"20200328",8328,137
"846","CA",4643,764,"20200328",25192,3933
"847","CO",1734,304,"20200328",11676,1554
"848","CT",1291,0,"20200328",8400,0
"849","DC",304,37,"20200328",2515,351
"850","DE",214,51,"20200328",250,51
"851","FL",3763,998,"20200328",39129,8178
"852","GA",2366,365,"20200328",11051,1186
"853","GU",55,4,"20200328",354,4
"854","HI",120,14,"20200328",4477,14
"855","IA",298,63,"20200328",4673,698
"856","ID",230,41,"20200328",3572,715
"857","IL",3491,465,"20200328",25491,3949
"858","IN",1232,251,"20200328",8407,1471
"859","KS",261,59,"20200328",3932,501
"860","KY",302,54,"20200328",5123,1107
"861","LA",3315,569,"20200328",25161,3802
"862","MA",4257,1017,"20200328",35049,5678
"863","MD",992,218,"20200328",12508,11640
"864","ME",211,43,"20200328",3605,43
"865","MI",9287,628,"20200328",23470,2172
"866","MN",441,43,"20200328",16129,2126
"867","MO",838,169,"20200328",10920,9882
"868","MP",2,2,"20200328",2,2
"869","MS",663,84,"20200328",3223,84
"870","MT",129,21,"20200328",3385,687
"871","NC",935,172,"20200328",17527,2391
"872","ND",83,18,"20200328",2892,400
"873","NE",96,11,"20200328",2000,154
"874","NH",187,29,"20200328",3843,290
"875","NJ",11124,2299,"20200328",30510,5138
"876","NM",191,55,"20200328",9387,874
"877","NV",621,86,"20200328",8522,1826
"878","NY",52318,7683,"20200328",155934,10181
"879","OH",1406,269,"20200328",20418,269
"880","OK",377,55,"20200328",1557,151
"881","OR",479,65,"20200328",10172,1248
"882","PA",2751,533,"20200328",28005,4771
"883","PR",100,21,"20200328",839,241
"884","RI",239,36,"20200328",2780,271
"885","SC",539,83,"20200328",2947,184
"886","SD",68,10,"20200328",2660,215
"887","TN",1373,170,"20200328",18338,2247
"888","TX",2052,321,"20200328",25260,1594
"889","UT",602,122,"20200328",11312,2068
"890","VA",739,135,"20200328",9166,1829
"891","VI",22,3,"20200328",128,54
"892","VT",211,27,"20200328",2374,113
"893","WA",4707,469,"20200328",53722,6311
"894","WI",989,147,"20200328",16221,2239
"895","WV",96,20,"20200328",2427,572
"896","WY",82,12,"20200328",1557,276
"897","AK",69,10,"20200327",2388,528
"898","AL",587,81,"20200327",4771,672
"899","AR",381,46,"20200327",1926,87
"900","AS",0,0,"20200327",0,0
"901","AZ",736,159,"20200327",8191,7267
"902","CA",3879,873,"20200327",21259,873
"903","CO",1430,344,"20200327",10122,2058
"904","CT",1291,279,"20200327",8400,1763
"905","DC",267,36,"20200327",2164,307
"906","DE",163,33,"20200327",199,33
"907","FL",2765,410,"20200327",30951,4855
"908","GA",2001,476,"20200327",9865,939
"909","GU",51,6,"20200327",350,42
"910","HI",106,11,"20200327",4463,11
"911","IA",235,56,"20200327",3975,1218
"912","ID",189,66,"20200327",2857,669
"913","IL",3026,488,"20200327",21542,4911
"914","IN",981,336,"20200327",6936,2285
"915","KS",202,34,"20200327",3431,394
"916","KY",248,50,"20200327",4016,716
"917","LA",2746,441,"20200327",21359,3330
"918","MA",3240,823,"20200327",29371,5750
"919","MD",774,194,"20200327",868,194
"920","ME",168,13,"20200327",3562,13
"921","MI",8659,892,"20200327",21298,3226
"922","MN",398,52,"20200327",14003,1053
"923","MO",669,167,"20200327",1038,167
"924","MP",0,0,"20200327",0,0
"925","MS",579,94,"20200327",3139,363
"926","MT",108,37,"20200327",2698,499
"927","NC",763,127,"20200327",15136,2226
"928","ND",65,13,"20200327",2492,401
"929","NE",85,12,"20200327",1846,189
"930","NH",158,21,"20200327",3553,415
"931","NJ",8825,1949,"20200327",25372,4835
"932","NM",136,24,"20200327",8513,720
"933","NV",535,115,"20200327",6696,1579
"934","NY",44635,7377,"20200327",145753,23649
"935","OH",1137,270,"20200327",20149,2833
"936","OK",322,74,"20200327",1406,200
"937","OR",414,87,"20200327",8924,1644
"938","PA",2218,531,"20200327",23234,5106
"939","PR",79,15,"20200327",598,157
"940","RI",203,38,"20200327",2509,1082
"941","SC",456,0,"20200327",2763,0
"942","SD",58,12,"20200327",2445,426
"943","TN",1203,246,"20200327",16091,1182
"944","TX",1731,335,"20200327",23666,2242
"945","UT",480,78,"20200327",9244,1534
"946","VA",604,144,"20200327",7337,1148
"947","VI",19,2,"20200327",74,2
"948","VT",184,26,"20200327",2261,253
"949","WA",4238,493,"20200327",47411,11954
"950","WI",842,135,"20200327",13982,1692
"951","WV",76,25,"20200327",1855,773
"952","WY",70,17,"20200327",1281,176
"953","AK",59,17,"20200326",1860,169
"954","AL",506,223,"20200326",4099,1287
"955","AR",335,55,"20200326",1839,122
"956","AS",0,0,"20200326",0,0
"957","AZ",577,127,"20200326",924,151
"958","CA",3006,651,"20200326",20386,2110
"959","CO",1086,174,"20200326",8064,363
"960","CT",1012,137,"20200326",6637,739
"961","DC",231,48,"20200326",1857,251
"962","DE",130,15,"20200326",166,15
"963","FL",2355,673,"20200326",26096,9040
"964","GA",1525,278,"20200326",8926,2747
"965","GU",45,8,"20200326",308,38
"966","HI",95,5,"20200326",4452,5
"967","IA",179,34,"20200326",2757,34
"968","ID",123,50,"20200326",2188,228
"969","IL",2538,673,"20200326",16631,2422
"970","IN",645,168,"20200326",4651,1295
"971","KS",168,42,"20200326",3037,551
"972","KY",198,41,"20200326",3300,278
"973","LA",2305,510,"20200326",18029,6578
"974","MA",2417,579,"20200326",23621,3827
"975","MD",580,157,"20200326",674,157
"976","ME",155,6,"20200326",3549,223
"977","MI",7767,707,"20200326",18072,3475
"978","MN",346,59,"20200326",12950,1475
"979","MO",502,146,"20200326",871,146
"980","MP",0,0,"20200326",0,0
"981","MS",485,108,"20200326",2776,833
"982","MT",71,18,"20200326",2199,198
"983","NC",636,132,"20200326",12910,2421
"984","ND",52,13,"20200326",2091,318
"985","NE",73,12,"20200326",1657,292
"986","NH",137,29,"20200326",3138,674
"987","NJ",6876,2474,"20200326",20537,5683
"988","NM",112,12,"20200326",7793,951
"989","NV",420,99,"20200326",5117,545
"990","NY",37258,6447,"20200326",122104,18625
"991","OH",867,163,"20200326",17316,2552
"992","OK",248,84,"20200326",1206,237
"993","OR",327,118,"20200326",7280,2721
"994","PA",1687,560,"20200326",18128,5808
"995","PR",64,13,"20200326",441,73
"996","RI",165,33,"20200326",1427,33
"997","SC",456,32,"20200326",2763,36
"998","SD",46,5,"20200326",2019,1159
"999","TN",957,173,"20200326",14909,3113
"1000","TX",1396,422,"20200326",21424,7930
"1001","UT",402,56,"20200326",7710,873
"1002","VA",460,69,"20200326",6189,819
"1003","VI",17,0,"20200326",72,0
"1004","VT",158,35,"20200326",2008,296
"1005","WA",3745,470,"20200326",35457,470
"1006","WI",707,122,"20200326",12290,1616
"1007","WV",51,12,"20200326",1082,284
"1008","WY",53,9,"20200326",1105,107
"1009","AK",42,6,"20200325",1691,669
"1010","AL",283,68,"20200325",2812,491
"1011","AR",280,62,"20200325",1717,552
"1012","AS",0,0,"20200325",0,0
"1013","AZ",450,93,"20200325",773,103
"1014","CA",2355,253,"20200325",18276,2722
"1015","CO",912,192,"20200325",7701,1477
"1016","CT",875,257,"20200325",5898,598
"1017","DC",183,46,"20200325",1606,274
"1018","DE",115,24,"20200325",151,24
"1019","FL",1682,270,"20200325",17056,2517
"1020","GA",1247,221,"20200325",6179,695
"1021","GU",37,5,"20200325",270,37
"1022","HI",90,13,"20200325",4447,781
"1023","IA",145,21,"20200325",2723,284
"1024","ID",73,23,"20200325",1960,23
"1025","IL",1865,330,"20200325",14209,2740
"1026","IN",477,112,"20200325",3356,425
"1027","KS",126,28,"20200325",2486,302
"1028","KY",157,33,"20200325",3022,1136
"1029","LA",1795,407,"20200325",11451,2848
"1030","MA",1838,679,"20200325",19794,6045
"1031","MD",423,74,"20200325",517,74
"1032","ME",149,24,"20200325",3326,187
"1033","MI",7060,5269,"20200325",14597,7010
"1034","MN",287,25,"20200325",11475,5663
"1035","MO",356,173,"20200325",725,173
"1036","MP",0,0,"20200325",0,0
"1037","MS",377,57,"20200325",1943,71
"1038","MT",53,7,"20200325",2001,312
"1039","NC",504,106,"20200325",10489,1950
"1040","ND",39,5,"20200325",1773,285
"1041","NE",61,9,"20200325",1365,338
"1042","NH",108,7,"20200325",2464,916
"1043","NJ",4402,727,"20200325",14854,2854
"1044","NM",100,17,"20200325",6842,869
"1045","NV",321,43,"20200325",4572,340
"1046","NY",30811,5146,"20200325",103479,12209
"1047","OH",704,140,"20200325",14764,14060
"1048","OK",164,58,"20200325",969,128
"1049","OR",209,0,"20200325",4559,0
"1050","PA",1127,276,"20200325",12320,2826
"1051","PR",51,12,"20200325",368,61
"1052","RI",132,8,"20200325",1394,70
"1053","SC",424,126,"20200325",2727,417
"1054","SD",41,11,"20200325",860,40
"1055","TN",784,117,"20200325",11796,612
"1056","TX",974,564,"20200325",13494,2327
"1057","UT",346,47,"20200325",6837,1014
"1058","VA",391,101,"20200325",5370,900
"1059","VI",17,0,"20200325",72,55
"1060","VT",123,28,"20200325",1712,177
"1061","WA",3275,452,"20200325",34987,452
"1062","WI",585,128,"20200325",10674,1980
"1063","WV",39,19,"20200325",798,168
"1064","WY",44,15,"20200325",998,259
"1065","AK",36,14,"20200324",1022,54
"1066","AL",215,48,"20200324",2321,489
"1067","AR",218,44,"20200324",1165,85
"1068","AS",0,0,"20200324",0,0
"1069","AZ",357,92,"20200324",670,96
"1070","CA",2102,369,"20200324",15554,1254
"1071","CO",720,129,"20200324",6224,788
"1072","CT",618,203,"20200324",5300,800
"1073","DC",137,21,"20200324",1332,103
"1074","DE",91,23,"20200324",127,23
"1075","FL",1412,241,"20200324",14539,2305
"1076","GA",1026,254,"20200324",5484,415
"1077","GU",32,3,"20200324",233,43
"1078","HI",77,21,"20200324",3666,655
"1079","IA",124,19,"20200324",2439,291
"1080","ID",50,3,"20200324",1937,581
"1081","IL",1535,262,"20200324",11469,1613
"1082","IN",365,106,"20200324",2931,971
"1083","KS",98,16,"20200324",2184,1685
"1084","KY",124,20,"20200324",1886,20
"1085","LA",1388,216,"20200324",8603,2655
"1086","MA",1159,382,"20200324",13749,4827
"1087","MD",349,61,"20200324",443,61
"1088","ME",125,18,"20200324",3139,241
"1089","MI",1791,463,"20200324",7587,1562
"1090","MN",262,27,"20200324",5812,1066
"1091","MO",183,0,"20200324",552,0
"1092","MP",0,0,"20200324",0,0
"1093","MS",320,71,"20200324",1872,480
"1094","MT",46,12,"20200324",1689,509
"1095","NC",398,101,"20200324",8539,101
"1096","ND",34,4,"20200324",1488,105
"1097","NE",52,2,"20200324",1027,621
"1098","NH",101,23,"20200324",1548,96
"1099","NJ",3675,831,"20200324",12000,8797
"1100","NM",83,18,"20200324",5973,587
"1101","NV",278,33,"20200324",4232,497
"1102","NY",25665,4790,"20200324",91270,12981
"1103","OH",564,122,"20200324",704,122
"1104","OK",106,25,"20200324",841,66
"1105","OR",209,18,"20200324",4559,719
"1106","PA",851,207,"20200324",9494,2255
"1107","PR",39,8,"20200324",307,87
"1108","RI",124,18,"20200324",1324,75
"1109","SC",298,0,"20200324",2310,546
"1110","SD",30,2,"20200324",820,30
"1111","TN",667,52,"20200324",11184,7297
"1112","TX",410,58,"20200324",11167,1112
"1113","UT",299,42,"20200324",5823,776
"1114","VA",290,36,"20200324",4470,773
"1115","VI",17,0,"20200324",17,0
"1116","VT",95,20,"20200324",1535,354
"1117","WA",2823,373,"20200324",34535,3206
"1118","WI",457,41,"20200324",8694,1228
"1119","WV",20,4,"20200324",630,170
"1120","WY",29,3,"20200324",739,121
"1121","AK",22,0,"20200323",968,0
"1122","AL",167,29,"20200323",1832,230
"1123","AR",174,9,"20200323",1080,204
"1124","AS",0,0,"20200323",0,0
"1125","AZ",265,113,"20200323",574,140
"1126","CA",1733,197,"20200323",14300,1460
"1127","CO",591,116,"20200323",5436,886
"1128","CT",415,192,"20200323",4500,1400
"1129","DC",116,18,"20200323",1229,174
"1130","DE",68,12,"20200323",104,12
"1131","FL",1171,341,"20200323",12234,3414
"1132","GA",772,172,"20200323",5069,1049
"1133","GU",29,2,"20200323",190,37
"1134","HI",56,8,"20200323",3011,2700
"1135","IA",105,15,"20200323",2148,843
"1136","ID",47,5,"20200323",1356,139
"1137","IL",1273,224,"20200323",9856,1536
"1138","IN",259,58,"20200323",1960,466
"1139","KS",82,18,"20200323",499,18
"1140","KY",104,5,"20200323",1866,295
"1141","LA",1172,335,"20200323",5948,2450
"1142","MA",777,131,"20200323",8922,2817
"1143","MD",288,44,"20200323",382,44
"1144","ME",107,18,"20200323",2898,545
"1145","MI",1328,293,"20200323",6025,1278
"1146","MN",235,66,"20200323",4746,66
"1147","MO",183,93,"20200323",552,93
"1148","MP",0,0,"20200323",0,0
"1149","MS",249,42,"20200323",1392,71
"1150","MT",34,3,"20200323",1180,3
"1151","NC",297,42,"20200323",8438,2000
"1152","ND",30,2,"20200323",1383,95
"1153","NE",50,2,"20200323",406,2
"1154","NH",78,13,"20200323",1452,199
"1155","NJ",2844,930,"20200323",3203,962
"1156","NM",65,8,"20200323",5386,607
"1157","NV",245,55,"20200323",3735,1097
"1158","NY",20875,5707,"20200323",78289,16888
"1159","OH",442,91,"20200323",582,91
"1160","OK",81,14,"20200323",775,39
"1161","OR",191,30,"20200323",3840,815
"1162","PA",644,165,"20200323",7239,1796
"1163","PR",31,8,"20200323",220,14
"1164","RI",106,23,"20200323",1249,234
"1165","SC",298,103,"20200323",1764,103
"1166","SD",28,7,"20200323",790,29
"1167","TN",615,110,"20200323",3887,110
"1168","TX",352,18,"20200323",10055,1299
"1169","UT",257,76,"20200323",5047,1358
"1170","VA",254,35,"20200323",3697,360
"1171","VI",17,11,"20200323",17,11
"1172","VT",75,23,"20200323",1181,23
"1173","WA",2450,208,"20200323",31329,3759
"1174","WI",416,31,"20200323",7466,851
"1175","WV",16,4,"20200323",460,63
"1176","WY",26,2,"20200323",618,156
"1177","AK",22,8,"20200322",968,196
"1178","AL",138,14,"20200322",1602,1450
"1179","AR",165,47,"20200322",876,191
"1180","AS",0,0,"20200322",0,0
"1181","AZ",152,48,"20200322",434,90
"1182","CA",1536,257,"20200322",12840,312
"1183","CO",475,112,"20200322",4550,870
"1184","CT",223,29,"20200322",3100,800
"1185","DC",98,21,"20200322",1055,472
"1186","DE",56,11,"20200322",92,11
"1187","FL",830,172,"20200322",8820,1583
"1188","GA",600,93,"20200322",4020,956
"1189","GU",27,12,"20200322",153,30
"1190","HI",48,11,"20200322",311,150
"1191","IA",90,22,"20200322",1305,188
"1192","ID",42,11,"20200322",1217,306
"1193","IL",1049,296,"20200322",8320,2079
"1194","IN",201,75,"20200322",1494,661
"1195","KS",64,9,"20200322",481,9
"1196","KY",99,45,"20200322",1571,803
"1197","LA",837,252,"20200322",3498,733
"1198","MA",646,121,"20200322",6105,828
"1199","MD",244,54,"20200322",338,54
"1200","ME",89,16,"20200322",2353,16
"1201","MI",1035,248,"20200322",4747,264
"1202","MN",169,31,"20200322",4680,590
"1203","MO",90,17,"20200322",459,17
"1204","MP",0,0,"20200322",0,0
"1205","MS",207,67,"20200322",1321,486
"1206","MT",31,11,"20200322",1177,11
"1207","NC",255,71,"20200322",6438,1162
"1208","ND",28,0,"20200322",1288,119
"1209","NE",48,10,"20200322",404,10
"1210","NH",65,10,"20200322",1253,225
"1211","NJ",1914,587,"20200322",2241,620
"1212","NM",57,0,"20200322",4779,951
"1213","NV",190,66,"20200322",2638,130
"1214","NY",15168,4812,"20200322",61401,15964
"1215","OH",351,104,"20200322",491,104
"1216","OK",67,14,"20200322",736,123
"1217","OR",161,47,"20200322",3025,908
"1218","PA",479,108,"20200322",5443,1306
"1219","PR",23,2,"20200322",206,42
"1220","RI",83,17,"20200322",1015,87
"1221","SC",195,43,"20200322",1661,254
"1222","SD",21,7,"20200322",761,56
"1223","TN",505,134,"20200322",3777,134
"1224","TX",334,30,"20200322",8756,2234
"1225","UT",181,45,"20200322",3689,1129
"1226","VA",219,67,"20200322",3337,547
"1227","VI",6,0,"20200322",6,0
"1228","VT",52,23,"20200322",1158,350
"1229","WA",2242,236,"20200322",27570,3845
"1230","WI",385,104,"20200322",6615,1706
"1231","WV",12,1,"20200322",397,56
"1232","WY",24,1,"20200322",462,1
"1233","AK",14,2,"20200321",772,74
"1234","AL",124,43,"20200321",152,43
"1235","AR",118,22,"20200321",685,238
"1236","AS",0,0,"20200321",0,0
"1237","AZ",104,39,"20200321",344,68
"1238","CA",1279,216,"20200321",12528,1041
"1239","CO",363,86,"20200321",3680,728
"1240","CT",194,0,"20200321",2300,1502
"1241","DC",77,6,"20200321",583,11
"1242","DE",45,7,"20200321",81,7
"1243","FL",658,138,"20200321",7237,4847
"1244","GA",507,87,"20200321",3064,678
"1245","GU",15,1,"20200321",123,23
"1246","HI",37,11,"20200321",161,11
"1247","IA",68,23,"20200321",1117,430
"1248","ID",31,8,"20200321",911,298
"1249","IL",753,168,"20200321",6241,1960
"1250","IN",126,47,"20200321",833,279
"1251","KS",55,11,"20200321",472,11
"1252","KY",54,7,"20200321",768,129
"1253","LA",585,106,"20200321",2765,1718
"1254","MA",525,112,"20200321",5277,1186
"1255","MD",190,41,"20200321",284,41
"1256","ME",73,16,"20200321",2337,16
"1257","MI",787,238,"20200321",4483,1188
"1258","MN",138,23,"20200321",4090,234
"1259","MO",73,26,"20200321",442,26
"1260","MP",0,0,"20200321",0,0
"1261","MS",140,60,"20200321",835,60
"1262","MT",20,4,"20200321",1166,219
"1263","NC",184,47,"20200321",5276,2043
"1264","ND",28,8,"20200321",1169,349
"1265","NE",38,6,"20200321",394,122
"1266","NH",55,11,"20200321",1028,239
"1267","NJ",1327,437,"20200321",1621,467
"1268","NM",57,14,"20200321",3828,14
"1269","NV",124,15,"20200321",2508,407
"1270","NY",10356,3254,"20200321",45437,13010
"1271","OH",247,78,"20200321",387,78
"1272","OK",53,4,"20200321",613,26
"1273","OR",114,0,"20200321",2117,0
"1274","PA",371,103,"20200321",4137,1295
"1275","PR",21,7,"20200321",164,36
"1276","RI",66,12,"20200321",928,74
"1277","SC",152,71,"20200321",1407,493
"1278","SD",14,0,"20200321",705,28
"1279","TN",371,143,"20200321",3643,2852
"1280","TX",304,110,"20200321",6522,1245
"1281","UT",136,24,"20200321",2560,413
"1282","VA",152,38,"20200321",2790,465
"1283","VI",6,3,"20200321",6,3
"1284","VT",29,0,"20200321",808,0
"1285","WA",2006,233,"20200321",23725,2616
"1286","WI",281,75,"20200321",4909,1248
"1287","WV",11,4,"20200321",341,115
"1288","WY",23,4,"20200321",461,111
"1289","AK",12,6,"20200320",698,260
"1290","AL",81,13,"20200320",109,13
"1291","AR",96,50,"20200320",447,91
"1292","AS",0,0,"20200320",0,0
"1293","AZ",65,21,"20200320",276,57
"1294","CA",1063,139,"20200320",11487,1776
"1295","CO",277,61,"20200320",2952,624
"1296","CT",194,98,"20200320",798,98
"1297","DC",71,32,"20200320",572,380
"1298","DE",38,8,"20200320",74,8
"1299","FL",520,130,"20200320",2390,467
"1300","GA",420,133,"20200320",2386,555
"1301","GU",14,2,"20200320",100,19
"1302","HI",26,10,"20200320",150,41
"1303","IA",45,7,"20200320",687,566
"1304","ID",23,12,"20200320",613,143
"1305","IL",585,163,"20200320",4281,1134
"1306","IN",79,23,"20200320",554,174
"1307","KS",44,10,"20200320",461,10
"1308","KY",47,12,"20200320",639,150
"1309","LA",479,132,"20200320",1047,242
"1310","MA",413,85,"20200320",4091,959
"1311","MD",149,42,"20200320",243,42
"1312","ME",57,4,"20200320",2321,264
"1313","MI",549,213,"20200320",3295,1174
"1314","MN",115,26,"20200320",3856,818
"1315","MO",47,23,"20200320",416,84
"1316","MP",0,0,"20200320",0,0
"1317","MS",80,30,"20200320",775,173
"1318","MT",16,4,"20200320",947,174
"1319","NC",137,40,"20200320",3233,728
"1320","ND",20,5,"20200320",820,312
"1321","NE",32,5,"20200320",272,5
"1322","NH",44,5,"20200320",789,129
"1323","NJ",890,148,"20200320",1154,202
"1324","NM",43,8,"20200320",3814,1017
"1325","NV",109,14,"20200320",2101,380
"1326","NY",7102,2950,"20200320",32427,10143
"1327","OH",169,50,"20200320",309,50
"1328","OK",49,5,"20200320",587,77
"1329","OR",114,26,"20200320",2117,700
"1330","PA",268,83,"20200320",2842,1049
"1331","PR",14,9,"20200320",128,67
"1332","RI",54,10,"20200320",854,156
"1333","SC",81,21,"20200320",914,271
"1334","SD",14,3,"20200320",677,115
"1335","TN",228,74,"20200320",791,288
"1336","TX",194,51,"20200320",5277,2922
"1337","UT",112,34,"20200320",2147,621
"1338","VA",114,20,"20200320",2325,402
"1339","VI",3,0,"20200320",3,0
"1340","VT",29,7,"20200320",808,141
"1341","WA",1773,238,"20200320",21109,3656
"1342","WI",206,51,"20200320",3661,1314
"1343","WV",7,5,"20200320",226,81
"1344","WY",19,1,"20200320",350,61
"1345","AK",6,0,"20200319",438,26
"1346","AL",68,22,"20200319",96,22
"1347","AR",46,13,"20200319",356,87
"1348","AS",0,0,"20200319",0,0
"1349","AZ",44,16,"20200319",219,43
"1350","CA",924,313,"20200319",9711,1119
"1351","CO",216,33,"20200319",2328,528
"1352","CT",96,28,"20200319",700,507
"1353","DC",39,8,"20200319",192,23
"1354","DE",30,5,"20200319",66,5
"1355","FL",390,76,"20200319",1923,384
"1356","GA",287,90,"20200319",1831,323
"1357","GU",12,4,"20200319",81,16
"1358","HI",16,2,"20200319",109,2
"1359","IA",38,9,"20200319",121,9
"1360","ID",11,2,"20200319",470,2
"1361","IL",422,134,"20200319",3147,1096
"1362","IN",56,17,"20200319",380,187
"1363","KS",34,18,"20200319",451,18
"1364","KY",35,9,"20200319",489,109
"1365","LA",347,107,"20200319",805,230
"1366","MA",328,72,"20200319",3132,861
"1367","MD",107,22,"20200319",201,22
"1368","ME",53,10,"20200319",2057,344
"1369","MI",336,256,"20200319",2121,826
"1370","MN",89,12,"20200319",3038,276
"1371","MO",24,11,"20200319",332,66
"1372","MP",0,0,"20200319",0,0
"1373","MS",50,16,"20200319",602,89
"1374","MT",12,2,"20200319",773,264
"1375","NC",97,34,"20200319",2505,655
"1376","ND",15,9,"20200319",508,234
"1377","NE",27,3,"20200319",267,37
"1378","NH",39,13,"20200319",660,121
"1379","NJ",742,315,"20200319",952,335
"1380","NM",35,7,"20200319",2797,443
"1381","NV",95,40,"20200319",1721,1498
"1382","NY",4152,1770,"20200319",22284,7687
"1383","OH",119,31,"20200319",259,31
"1384","OK",44,15,"20200319",510,103
"1385","OR",88,13,"20200319",1417,224
"1386","PA",185,52,"20200319",1793,473
"1387","PR",5,0,"20200319",61,25
"1388","RI",44,11,"20200319",698,125
"1389","SC",60,0,"20200319",643,0
"1390","SD",11,0,"20200319",562,0
"1391","TN",154,56,"20200319",503,56
"1392","TX",143,60,"20200319",2355,448
"1393","UT",78,15,"20200319",1526,1332
"1394","VA",94,17,"20200319",1923,645
"1395","VI",3,1,"20200319",3,1
"1396","VT",22,3,"20200319",667,56
"1397","WA",1535,147,"20200319",17453,2948
"1398","WI",155,49,"20200319",2347,664
"1399","WV",2,1,"20200319",145,22
"1400","WY",18,3,"20200319",289,96
"1401","AK",6,3,"20200318",412,75
"1402","AL",46,10,"20200318",74,10
"1403","AR",33,11,"20200318",269,50
"1404","AS",0,0,"20200318",0,0
"1405","AZ",28,8,"20200318",176,14
"1406","CA",611,128,"20200318",8592,128
"1407","CO",183,23,"20200318",1800,584
"1408","CT",68,27,"20200318",193,27
"1409","DC",31,9,"20200318",169,43
"1410","DE",25,9,"20200318",61,9
"1411","FL",314,128,"20200318",1539,413
"1412","GA",197,51,"20200318",1508,1362
"1413","GU",8,3,"20200318",65,19
"1414","HI",14,4,"20200318",107,97
"1415","IA",29,6,"20200318",112,6
"1416","ID",9,2,"20200318",468,115
"1417","IL",288,129,"20200318",2051,552
"1418","IN",39,9,"20200318",193,34
"1419","KS",16,1,"20200318",433,36
"1420","KY",26,4,"20200318",380,63
"1421","LA",240,69,"20200318",575,118
"1422","MA",256,38,"20200318",2271,512
"1423","MD",85,28,"20200318",179,28
"1424","ME",43,11,"20200318",1713,378
"1425","MI",80,15,"20200318",1295,604
"1426","MN",77,17,"20200318",2762,426
"1427","MO",13,5,"20200318",266,51
"1428","MP",0,0,"20200318",0,0
"1429","MS",34,13,"20200318",513,124
"1430","MT",10,2,"20200318",509,198
"1431","NC",63,23,"20200318",1850,1336
"1432","ND",6,3,"20200318",274,51
"1433","NE",24,3,"20200318",230,3
"1434","NH",26,9,"20200318",539,167
"1435","NJ",427,160,"20200318",617,187
"1436","NM",28,5,"20200318",2354,1082
"1437","NV",55,0,"20200318",223,0
"1438","NY",2382,682,"20200318",14597,7391
"1439","OH",88,21,"20200318",228,21
"1440","OK",29,12,"20200318",407,143
"1441","OR",75,28,"20200318",1193,457
"1442","PA",133,37,"20200318",1320,345
"1443","PR",5,0,"20200318",36,18
"1444","RI",33,10,"20200318",573,147
"1445","SC",60,27,"20200318",643,299
"1446","SD",11,0,"20200318",562,0
"1447","TN",98,25,"20200318",447,44
"1448","TX",83,19,"20200318",1907,639
"1449","UT",63,12,"20200318",194,12
"1450","VA",77,10,"20200318",1278,250
"1451","VI",2,0,"20200318",2,0
"1452","VT",19,9,"20200318",611,106
"1453","WA",1388,170,"20200318",14505,1705
"1454","WI",106,34,"20200318",1683,573
"1455","WV",1,1,"20200318",123,43
"1456","WY",15,5,"20200318",193,88
"1457","AK",3,2,"20200317",337,193
"1458","AL",36,8,"20200317",64,8
"1459","AR",22,0,"20200317",219,65
"1460","AS",0,0,"20200317",0,0
"1461","AZ",20,2,"20200317",162,19
"1462","CA",483,148,"20200317",8464,148
"1463","CO",160,29,"20200317",1216,458
"1464","CT",41,15,"20200317",166,15
"1465","DC",22,5,"20200317",126,13
"1466","DE",16,8,"20200317",52,8
"1467","FL",186,45,"20200317",1126,301
"1468","GA",146,25,"20200317",146,25
"1469","GU",5,2,"20200317",46,20
"1470","HI",10,3,"20200317",10,3
"1471","IA",23,1,"20200317",106,1
"1472","ID",7,2,"20200317",353,83
"1473","IL",159,66,"20200317",1499,474
"1474","IN",30,6,"20200317",159,20
"1475","KS",15,4,"20200317",397,220
"1476","KY",22,1,"20200317",317,62
"1477","LA",171,57,"20200317",457,155
"1478","MA",218,54,"20200317",1759,1243
"1479","MD",57,20,"20200317",151,20
"1480","ME",32,15,"20200317",1335,554
"1481","MI",65,12,"20200317",691,366
"1482","MN",60,6,"20200317",2336,443
"1483","MO",8,2,"20200317",215,45
"1484","MP",0,0,"20200317",0,0
"1485","MS",21,9,"20200317",389,100
"1486","MT",8,1,"20200317",311,106
"1487","NC",40,7,"20200317",514,185
"1488","ND",3,2,"20200317",223,99
"1489","NE",21,3,"20200317",227,39
"1490","NH",17,4,"20200317",372,88
"1491","NJ",267,89,"20200317",430,132
"1492","NM",23,6,"20200317",1272,689
"1493","NV",55,10,"20200317",223,10
"1494","NY",1700,750,"20200317",7206,1713
"1495","OH",67,17,"20200317",207,17
"1496","OK",17,7,"20200317",264,80
"1497","OR",47,8,"20200317",736,118
"1498","PA",96,20,"20200317",975,229
"1499","PR",5,0,"20200317",18,4
"1500","RI",23,2,"20200317",426,97
"1501","SC",33,5,"20200317",344,81
"1502","SD",11,1,"20200317",562,58
"1503","TN",73,21,"20200317",403,81
"1504","TX",64,7,"20200317",1268,1211
"1505","UT",51,12,"20200317",182,12
"1506","VA",67,16,"20200317",1028,539
"1507","VI",2,1,"20200317",2,1
"1508","VT",10,2,"20200317",505,76
"1509","WA",1218,166,"20200317",12800,2297
"1510","WI",72,25,"20200317",1110,559
"1511","WV",0,0,"20200317",80,0
"1512","WY",10,7,"20200317",105,102
"1513","AK",1,0,"20200316",144,0
"1514","AL",28,16,"20200316",56,16
"1515","AR",22,6,"20200316",154,35
"1516","AS",0,0,"20200316",0,0
"1517","AZ",18,6,"20200316",143,10
"1518","CA",335,42,"20200316",8316,7107
"1519","CO",131,0,"20200316",758,0
"1520","CT",26,6,"20200316",151,6
"1521","DC",17,1,"20200316",113,18
"1522","DE",8,2,"20200316",44,2
"1523","FL",141,25,"20200316",825,31
"1524","GA",121,22,"20200316",121,22
"1525","GU",3,0,"20200316",26,0
"1526","HI",7,5,"20200316",7,5
"1527","IA",22,4,"20200316",105,4
"1528","ID",5,0,"20200316",270,91
"1529","IL",93,29,"20200316",1025,512
"1530","IN",24,5,"20200316",139,18
"1531","KS",11,3,"20200316",177,34
"1532","KY",21,5,"20200316",255,100
"1533","LA",114,23,"20200316",302,55
"1534","MA",164,26,"20200316",516,26
"1535","MD",37,6,"20200316",131,6
"1536","ME",17,14,"20200316",781,687
"1537","MI",53,20,"20200316",325,87
"1538","MN",54,19,"20200316",1893,471
"1539","MO",6,1,"20200316",170,43
"1540","MP",0,0,"20200316",0,0
"1541","MS",12,2,"20200316",289,195
"1542","MT",7,0,"20200316",205,95
"1543","NC",33,1,"20200316",329,70
"1544","ND",1,0,"20200316",124,28
"1545","NE",18,1,"20200316",188,91
"1546","NH",13,0,"20200316",284,0
"1547","NJ",178,80,"20200316",298,80
"1548","NM",17,4,"20200316",583,88
"1549","NV",45,24,"20200316",213,24
"1550","NY",950,221,"20200316",5493,221
"1551","OH",50,14,"20200316",190,15
"1552","OK",10,1,"20200316",184,57
"1553","OR",39,3,"20200316",618,162
"1554","PA",76,13,"20200316",746,478
"1555","PR",5,0,"20200316",14,0
"1556","RI",21,1,"20200316",329,38
"1557","SC",28,9,"20200316",263,90
"1558","SD",10,1,"20200316",504,168
"1559","TN",52,13,"20200316",322,126
"1560","TX",57,1,"20200316",57,1
"1561","UT",39,11,"20200316",170,11
"1562","VA",51,6,"20200316",489,81
"1563","VI",1,0,"20200316",1,0
"1564","VT",8,4,"20200316",429,77
"1565","WA",1052,128,"20200316",10503,2457
"1566","WI",47,14,"20200316",551,205
"1567","WV",0,0,"20200316",80,42
"1568","WY",3,0,"20200316",3,0
"1569","AK",1,0,"20200315",144,0
"1570","AL",12,6,"20200315",40,12
"1571","AR",16,4,"20200315",119,42
"1572","AZ",12,0,"20200315",133,0
"1573","CA",293,41,"20200315",1209,41
"1574","CO",131,30,"20200315",758,47
"1575","CT",20,9,"20200315",145,9
"1576","DC",16,6,"20200315",95,36
"1577","DE",6,0,"20200315",42,0
"1578","FL",116,39,"20200315",794,239
"1579","GA",99,33,"20200315",99,33
"1580","HI",2,0,"20200315",2,0
"1581","IA",18,1,"20200315",101,1
"1582","ID",5,3,"20200315",179,3
"1583","IL",64,18,"20200315",513,151
"1584","IN",19,4,"20200315",121,32
"1585","KS",8,2,"20200315",143,44
"1586","KY",16,2,"20200315",155,2
"1587","LA",91,22,"20200315",247,69
"1588","MA",138,0,"20200315",490,0
"1589","MD",31,5,"20200315",125,5
"1590","ME",3,0,"20200315",94,0
"1591","MI",33,8,"20200315",238,8
"1592","MN",35,14,"20200315",1422,554
"1593","MO",5,1,"20200315",127,33
"1594","MS",10,4,"20200315",94,4
"1595","MT",7,2,"20200315",110,2
"1596","NC",32,9,"20200315",259,99
"1597","ND",1,0,"20200315",96,41
"1598","NE",17,3,"20200315",97,3
"1599","NH",13,6,"20200315",284,65
"1600","NJ",98,48,"20200315",218,71
"1601","NM",13,3,"20200315",495,248
"1602","NV",21,1,"20200315",189,1
"1603","NY",729,205,"20200315",5272,1969
"1604","OH",36,23,"20200315",175,112
"1605","OK",9,5,"20200315",127,87
"1606","OR",36,6,"20200315",456,89
"1607","PA",63,16,"20200315",268,16
"1608","RI",20,0,"20200315",291,73
"1609","SC",19,6,"20200315",173,50
"1610","SD",9,0,"20200315",336,145
"1611","TN",39,7,"20200315",196,34
"1612","TX",56,5,"20200315",56,5
"1613","UT",28,22,"20200315",159,22
"1614","VA",45,15,"20200315",408,261
"1615","VT",4,0,"20200315",352,121
"1616","WA",924,131,"20200315",8046,1252
"1617","WI",33,14,"20200315",346,158
"1618","WV",0,0,"20200315",38,12
"1619","WY",3,1,"20200315",3,1
"1620","AK",1,0,"20200314",144,84
"1621","AL",6,5,"20200314",28,16
"1622","AR",12,3,"20200314",77,38
"1623","AZ",12,3,"20200314",133,30
"1624","CA",252,50,"20200314",1168,50
"1625","CO",101,29,"20200314",711,115
"1626","CT",11,5,"20200314",136,31
"1627","DC",10,0,"20200314",59,29
"1628","DE",6,2,"20200314",42,8
"1629","FL",77,27,"20200314",555,27
"1630","GA",66,24,"20200314",66,24
"1631","HI",2,0,"20200314",2,0
"1632","IA",17,1,"20200314",100,1
"1633","ID",2,2,"20200314",176,45
"1634","IL",46,14,"20200314",362,36
"1635","IN",15,3,"20200314",89,16
"1636","KS",6,0,"20200314",99,0
"1637","KY",14,3,"20200314",153,35
"1638","LA",69,33,"20200314",178,105
"1639","MA",138,15,"20200314",490,275
"1640","MD",26,9,"20200314",120,9
"1641","ME",3,0,"20200314",94,0
"1642","MI",25,9,"20200314",230,81
"1643","MN",21,7,"20200314",868,313
"1644","MO",4,2,"20200314",94,21
"1645","MS",6,2,"20200314",90,45
"1646","MT",5,4,"20200314",108,52
"1647","NC",23,8,"20200314",160,59
"1648","ND",1,0,"20200314",55,15
"1649","NE",14,1,"20200314",94,1
"1650","NH",7,1,"20200314",219,119
"1651","NJ",50,0,"20200314",147,0
"1652","NM",10,0,"20200314",247,47
"1653","NV",20,9,"20200314",188,9
"1654","NY",524,103,"20200314",3303,103
"1655","OH",13,0,"20200314",63,0
"1656","OK",4,1,"20200314",40,1
"1657","OR",30,0,"20200314",367,0
"1658","PA",47,6,"20200314",252,71
"1659","RI",20,6,"20200314",218,62
"1660","SC",13,1,"20200314",123,36
"1661","SD",9,0,"20200314",191,109
"1662","TN",32,6,"20200314",162,20
"1663","TX",51,12,"20200314",51,12
"1664","UT",6,0,"20200314",137,0
"1665","VA",30,0,"20200314",147,0
"1666","VT",4,2,"20200314",231,87
"1667","WA",793,100,"20200314",6794,1751
"1668","WI",19,0,"20200314",188,0
"1669","WV",0,0,"20200314",26,9
"1670","WY",2,1,"20200314",2,1
"1671","AK",1,1,"20200313",60,14
"1672","AL",1,1,"20200313",12,2
"1673","AR",9,3,"20200313",39,9
"1674","AZ",9,0,"20200313",103,12
"1675","CA",202,0,"20200313",1118,0
"1676","CO",72,27,"20200313",596,253
"1677","CT",6,0,"20200313",105,10
"1678","DC",10,0,"20200313",30,0
"1679","DE",4,0,"20200313",34,7
"1680","FL",50,18,"20200313",528,195
"1681","GA",42,11,"20200313",42,11
"1682","HI",2,0,"20200313",2,0
"1683","IA",16,2,"20200313",99,18
"1684","ID",0,0,"20200313",131,38
"1685","IL",32,7,"20200313",326,35
"1686","IN",12,0,"20200313",73,9
"1687","KS",6,2,"20200313",99,54
"1688","KY",11,3,"20200313",118,54
"1689","LA",36,22,"20200313",73,22
"1690","MA",123,28,"20200313",215,120
"1691","MD",17,5,"20200313",111,5
"1692","ME",3,2,"20200313",94,28
"1693","MI",16,14,"20200313",149,56
"1694","MN",14,5,"20200313",555,239
"1695","MO",2,1,"20200313",73,8
"1696","MS",4,3,"20200313",45,3
"1697","MT",1,0,"20200313",56,21
"1698","NC",15,3,"20200313",101,29
"1699","ND",1,0,"20200313",40,27
"1700","NE",13,3,"20200313",93,3
"1701","NH",6,0,"20200313",100,0
"1702","NJ",50,20,"20200313",147,43
"1703","NM",10,5,"20200313",200,40
"1704","NV",11,4,"20200313",179,4
"1705","NY",421,205,"20200313",3200,2892
"1706","OH",13,8,"20200313",63,28
"1707","OK",3,0,"20200313",39,0
"1708","OR",30,11,"20200313",367,62
"1709","PA",41,19,"20200313",181,43
"1710","RI",14,9,"20200313",156,57
"1711","SC",12,2,"20200313",87,29
"1712","SD",9,1,"20200313",82,47
"1713","TN",26,8,"20200313",142,45
"1714","TX",39,16,"20200313",39,16
"1715","UT",6,2,"20200313",137,2
"1716","VA",30,13,"20200313",147,13
"1717","VT",2,0,"20200313",144,45
"1718","WA",693,150,"20200313",5043,1463
"1719","WI",19,11,"20200313",188,96
"1720","WV",0,0,"20200313",17,10
"1721","WY",1,0,"20200313",1,0
"1722","AK",0,0,"20200312",46,0
"1723","AL",0,0,"20200312",10,0
"1724","AR",6,6,"20200312",30,18
"1725","AZ",9,0,"20200312",91,23
"1726","CA",202,45,"20200312",1118,45
"1727","CO",45,17,"20200312",343,64
"1728","CT",6,3,"20200312",95,21
"1729","DC",10,5,"20200312",30,5
"1730","DE",4,3,"20200312",27,9
"1731","FL",32,4,"20200312",333,4
"1732","GA",31,9,"20200312",31,9
"1733","HI",2,0,"20200312",2,0
"1734","IA",14,1,"20200312",81,22
"1735","ID",0,0,"20200312",93,26
"1736","IL",25,6,"20200312",291,28
"1737","IN",12,2,"20200312",64,21
"1738","KS",4,3,"20200312",45,3
"1739","KY",8,0,"20200312",64,10
"1740","LA",14,8,"20200312",51,8
"1741","MA",95,3,"20200312",95,3
"1742","MD",12,3,"20200312",106,3
"1743","ME",1,1,"20200312",66,24
"1744","MI",2,0,"20200312",93,34
"1745","MN",9,4,"20200312",316,94
"1746","MO",1,0,"20200312",65,64
"1747","MS",1,1,"20200312",42,22
"1748","MT",1,1,"20200312",35,14
"1749","NC",12,5,"20200312",72,65
"1750","ND",1,1,"20200312",13,6
"1751","NE",10,5,"20200312",90,38
"1752","NH",6,2,"20200312",100,58
"1753","NJ",30,6,"20200312",104,23
"1754","NM",5,2,"20200312",160,70
"1755","NV",7,2,"20200312",175,2
"1756","NY",216,0,"20200312",308,0
"1757","OH",5,1,"20200312",35,10
"1758","OK",3,1,"20200312",39,22
"1759","OR",19,0,"20200312",305,0
"1760","PA",22,6,"20200312",138,34
"1761","RI",5,0,"20200312",99,0
"1762","SC",10,1,"20200312",58,17
"1763","SD",8,3,"20200312",35,17
"1764","TN",18,11,"20200312",97,40
"1765","TX",23,2,"20200312",23,2
"1766","UT",4,2,"20200312",135,133
"1767","VA",17,8,"20200312",134,65
"1768","VT",2,1,"20200312",99,36
"1769","WA",543,69,"20200312",3580,931
"1770","WI",8,5,"20200312",92,46
"1771","WV",0,0,"20200312",7,4
"1772","WY",1,1,"20200312",1,1
"1773","AK",0,0,"20200311",46,23
"1774","AL",0,0,"20200311",10,10
"1775","AR",0,0,"20200311",12,0
"1776","AZ",9,3,"20200311",68,11
"1777","CA",157,24,"20200311",1073,250
"1778","CO",28,16,"20200311",279,125
"1779","CT",3,1,"20200311",74,18
"1780","DC",5,0,"20200311",25,3
"1781","DE",1,1,"20200311",18,1
"1782","FL",28,9,"20200311",329,88
"1783","GA",22,5,"20200311",22,5
"1784","HI",2,0,"20200311",2,0
"1785","IA",13,5,"20200311",59,19
"1786","ID",0,0,"20200311",67,26
"1787","IL",19,0,"20200311",263,0
"1788","IN",10,4,"20200311",43,7
"1789","KS",1,0,"20200311",42,24
"1790","KY",8,2,"20200311",54,20
"1791","LA",6,5,"20200311",43,31
"1792","MA",92,0,"20200311",92,0
"1793","MD",9,3,"20200311",103,8
"1794","ME",0,0,"20200311",42,22
"1795","MI",2,2,"20200311",59,20
"1796","MN",5,2,"20200311",222,87
"1797","MO",1,0,"20200311",1,0
"1798","MS",0,0,"20200311",20,20
"1799","MT",0,0,"20200311",21,6
"1800","NC",7,0,"20200311",7,0
"1801","ND",0,0,"20200311",7,1
"1802","NE",5,2,"20200311",52,2
"1803","NH",4,0,"20200311",42,0
"1804","NJ",24,9,"20200311",81,22
"1805","NM",3,3,"20200311",90,21
"1806","NV",5,4,"20200311",173,158
"1807","NY",216,43,"20200311",308,43
"1808","OH",4,1,"20200311",25,8
"1809","OK",2,0,"20200311",17,0
"1810","OR",19,4,"20200311",305,77
"1811","PA",16,4,"20200311",104,92
"1812","RI",5,2,"20200311",99,38
"1813","SC",9,2,"20200311",41,10
"1814","SD",5,5,"20200311",18,7
"1815","TN",7,0,"20200311",57,50
"1816","TX",21,8,"20200311",21,8
"1817","UT",2,0,"20200311",2,0
"1818","VA",9,1,"20200311",69,8
"1819","VT",1,0,"20200311",63,22
"1820","WA",474,84,"20200311",2649,1149
"1821","WI",3,1,"20200311",46,8
"1822","WV",0,0,"20200311",3,1
"1823","WY",0,0,"20200311",0,0
"1824","AK",0,0,"20200310",23,0
"1825","AL",0,0,"20200310",0,0
"1826","AR",0,0,"20200310",12,0
"1827","AZ",6,1,"20200310",57,8
"1828","CA",133,19,"20200310",823,19
"1829","CO",12,3,"20200310",154,12
"1830","CT",2,1,"20200310",56,9
"1831","DC",5,4,"20200310",22,7
"1832","DE",0,0,"20200310",17,2
"1833","FL",19,1,"20200310",241,83
"1834","GA",17,5,"20200310",17,5
"1835","HI",2,0,"20200310",2,0
"1836","IA",8,5,"20200310",40,11
"1837","ID",0,0,"20200310",41,0
"1838","IL",19,12,"20200310",263,65
"1839","IN",6,4,"20200310",36,34
"1840","KS",1,0,"20200310",18,6
"1841","KY",6,2,"20200310",34,13
"1842","LA",1,0,"20200310",12,6
"1843","MA",92,51,"20200310",92,51
"1844","MD",6,1,"20200310",95,17
"1845","ME",0,0,"20200310",20,19
"1846","MI",0,0,"20200310",39,3
"1847","MN",3,1,"20200310",135,53
"1848","MO",1,0,"20200310",1,0
"1849","MS",0,0,"20200310",0,0
"1850","MT",0,0,"20200310",15,4
"1851","NC",7,5,"20200310",7,5
"1852","ND",0,0,"20200310",6,6
"1853","NE",3,0,"20200310",50,11
"1854","NH",4,0,"20200310",42,0
"1855","NJ",15,4,"20200310",59,13
"1856","NM",0,0,"20200310",69,12
"1857","NV",1,0,"20200310",15,0
"1858","NY",173,31,"20200310",265,31
"1859","OH",3,0,"20200310",17,3
"1860","OK",2,1,"20200310",17,8
"1861","OR",15,1,"20200310",228,49
"1862","PA",12,2,"20200310",12,2
"1863","RI",3,0,"20200310",61,28
"1864","SC",7,0,"20200310",31,0
"1865","SD",0,0,"20200310",11,6
"1866","TN",7,4,"20200310",7,4
"1867","TX",13,1,"20200310",13,1
"1868","UT",2,1,"20200310",2,1
"1869","VA",8,5,"20200310",61,20
"1870","VT",1,0,"20200310",41,6
"1871","WA",390,47,"20200310",1500,47
"1872","WI",2,1,"20200310",38,1
"1873","WV",0,0,"20200310",2,0
"1874","WY",0,0,"20200310",0,0
"1875","AK",0,0,"20200309",23,9
"1876","AL",0,0,"20200309",0,0
"1877","AR",0,0,"20200309",12,6
"1878","AZ",5,0,"20200309",49,0
"1879","CA",114,26,"20200309",804,254
"1880","CO",9,1,"20200309",142,30
"1881","CT",1,0,"20200309",47,17
"1882","DC",1,0,"20200309",15,4
"1883","DE",0,0,"20200309",15,5
"1884","FL",18,1,"20200309",158,23
"1885","GA",12,5,"20200309",12,5
"1886","HI",2,1,"20200309",2,1
"1887","IA",3,3,"20200309",29,14
"1888","ID",0,0,"20200309",41,14
"1889","IL",7,1,"20200309",198,1
"1890","IN",2,0,"20200309",2,0
"1891","KS",1,0,"20200309",12,0
"1892","KY",4,3,"20200309",21,7
"1893","LA",1,1,"20200309",6,1
"1894","MA",41,28,"20200309",41,28
"1895","MD",5,2,"20200309",78,23
"1896","ME",0,0,"20200309",1,0
"1897","MI",0,0,"20200309",36,10
"1898","MN",2,1,"20200309",82,33
"1899","MO",1,0,"20200309",1,0
"1900","MS",0,0,"20200309",0,0
"1901","MT",0,0,"20200309",11,0
"1902","NC",2,0,"20200309",2,0
"1903","ND",0,0,"20200309",0,0
"1904","NE",3,2,"20200309",39,21
"1905","NH",4,0,"20200309",42,0
"1906","NJ",11,5,"20200309",46,9
"1907","NM",0,0,"20200309",57,9
"1908","NV",1,0,"20200309",15,0
"1909","NY",142,37,"20200309",234,37
"1910","OH",3,3,"20200309",14,4
"1911","OK",1,0,"20200309",9,0
"1912","OR",14,0,"20200309",179,65
"1913","PA",10,4,"20200309",10,4
"1914","RI",3,0,"20200309",33,0
"1915","SC",7,5,"20200309",31,21
"1916","SD",0,0,"20200309",5,0
"1917","TN",3,0,"20200309",3,0
"1918","TX",12,4,"20200309",12,4
"1919","UT",1,0,"20200309",1,0
"1920","VA",3,1,"20200309",41,3
"1921","VT",1,0,"20200309",35,6
"1922","WA",343,97,"20200309",1453,567
"1923","WI",1,0,"20200309",37,5
"1924","WV",0,0,"20200309",2,0
"1925","WY",0,0,"20200309",0,0
"1926","AK",0,0,"20200308",14,2
"1927","AL",0,0,"20200308",0,0
"1928","AR",0,0,"20200308",6,0
"1929","AZ",5,0,"20200308",49,0
"1930","CA",88,19,"20200308",550,19
"1931","CO",8,0,"20200308",112,49
"1932","CT",1,1,"20200308",30,30
"1933","DC",1,1,"20200308",11,3
"1934","DE",0,0,"20200308",10,0
"1935","FL",17,3,"20200308",135,21
"1936","GA",7,1,"20200308",7,1
"1937","HI",1,0,"20200308",1,0
"1938","IA",0,0,"20200308",15,0
"1939","ID",0,0,"20200308",27,0
"1940","IL",6,0,"20200308",197,0
"1941","IN",2,1,"20200308",2,1
"1942","KS",1,1,"20200308",12,1
"1943","KY",1,0,"20200308",14,4
"1944","LA",0,0,"20200308",5,5
"1945","MA",13,0,"20200308",13,0
"1946","MD",3,0,"20200308",55,11
"1947","ME",0,0,"20200308",1,0
"1948","MI",0,0,"20200308",26,8
"1949","MN",1,0,"20200308",49,0
"1950","MO",1,1,"20200308",1,1
"1951","MS",0,0,"20200308",0,0
"1952","MT",0,0,"20200308",11,0
"1953","NC",2,0,"20200308",2,0
"1954","ND",0,0,"20200308",0,0
"1955","NE",1,0,"20200308",18,0
"1956","NH",4,2,"20200308",42,20
"1957","NJ",6,2,"20200308",37,33
"1958","NM",0,0,"20200308",48,0
"1959","NV",1,0,"20200308",15,0
"1960","NY",105,29,"20200308",197,29
"1961","OH",0,0,"20200308",10,1
"1962","OK",1,0,"20200308",9,8
"1963","OR",14,7,"20200308",114,30
"1964","PA",6,2,"20200308",6,2
"1965","RI",3,1,"20200308",33,1
"1966","SC",2,0,"20200308",10,0
"1967","SD",0,0,"20200308",5,0
"1968","TN",3,2,"20200308",3,2
"1969","TX",8,0,"20200308",8,0
"1970","UT",1,0,"20200308",1,0
"1971","VA",2,2,"20200308",38,7
"1972","VT",1,1,"20200308",29,13
"1973","WA",246,65,"20200308",886,335
"1974","WI",1,0,"20200308",32,0
"1975","WV",0,0,"20200308",2,0
"1976","WY",0,0,"20200308",0,0
"1977","AK",0,0,"20200307",12,4
"1978","AL",0,0,"20200307",0,0
"1979","AR",0,0,"20200307",6,0
"1980","AZ",5,2,"20200307",49,13
"1981","CA",69,9,"20200307",531,9
"1982","CO",8,6,"20200307",63,15
"1983","CT",0,0,"20200307",0,0
"1984","DC",0,0,"20200307",8,0
"1985","DE",0,0,"20200307",10,0
"1986","FL",14,5,"20200307",114,50
"1987","GA",6,4,"20200307",6,4
"1988","HI",1,0,"20200307",1,0
"1989","IA",0,0,"20200307",15,0
"1990","ID",0,0,"20200307",27,0
"1991","IL",6,1,"20200307",197,12
"1992","IN",1,0,"20200307",1,0
"1993","KS",0,0,"20200307",11,7
"1994","KY",1,1,"20200307",10,3
"1995","LA",0,0,"20200307",0,0
"1996","MA",13,5,"20200307",13,5
"1997","MD",3,0,"20200307",44,15
"1998","ME",0,0,"20200307",1,0
"1999","MI",0,0,"20200307",18,10
"2000","MN",1,1,"20200307",49,13
"2001","MO",0,0,"20200307",0,0
"2002","MS",0,0,"20200307",0,0
"2003","MT",0,0,"20200307",11,0
"2004","NC",2,0,"20200307",2,0
"2005","ND",0,0,"20200307",0,0
"2006","NE",1,1,"20200307",18,1
"2007","NH",2,0,"20200307",22,0
"2008","NJ",4,3,"20200307",4,3
"2009","NM",0,0,"20200307",48,32
"2010","NV",1,0,"20200307",15,0
"2011","NY",76,43,"20200307",168,43
"2012","OH",0,0,"20200307",9,1
"2013","OK",1,0,"20200307",1,0
"2014","OR",7,4,"20200307",84,17
"2015","PA",4,2,"20200307",4,2
"2016","RI",2,-1,"20200307",32,12
"2017","SC",2,2,"20200307",10,5
"2018","SD",0,0,"20200307",5,0
"2019","TN",1,0,"20200307",1,0
"2020","TX",8,3,"20200307",8,3
"2021","UT",1,0,"20200307",1,0
"2022","VA",0,0,"20200307",31,10
"2023","VT",0,0,"20200307",16,8
"2024","WA",181,32,"20200307",551,32
"2025","WI",1,0,"20200307",32,0
"2026","WV",0,0,"20200307",2,1
"2027","WY",0,0,"20200307",0,0
"2028","AK",0,0,"20200306",8,0
"2029","AR",0,0,"20200306",6,0
"2030","AZ",3,1,"20200306",36,6
"2031","CA",60,7,"20200306",522,7
"2032","CO",2,2,"20200306",48,29
"2033","DC",0,0,"20200306",8,2
"2034","DE",0,0,"20200306",10,0
"2035","FL",9,0,"20200306",64,24
"2036","GA",2,0,"20200306",2,0
"2037","IA",0,0,"20200306",15,0
"2038","IL",5,0,"20200306",185,15
"2039","IN",1,0,"20200306",1,0
"2040","KS",0,0,"20200306",4,0
"2041","KY",0,0,"20200306",7,0
"2042","MA",8,6,"20200306",8,6
"2043","MD",3,3,"20200306",29,12
"2044","MI",0,0,"20200306",8,0
"2045","MN",0,0,"20200306",36,0
"2046","NC",2,1,"20200306",2,1
"2047","NE",0,0,"20200306",17,0
"2048","NH",2,0,"20200306",22,4
"2049","NJ",1,0,"20200306",1,0
"2050","NM",0,0,"20200306",16,0
"2051","NV",1,0,"20200306",15,0
"2052","NY",33,11,"20200306",125,27
"2053","OH",0,0,"20200306",8,1
"2054","OR",3,0,"20200306",67,19
"2055","PA",2,0,"20200306",2,0
"2056","RI",3,1,"20200306",20,1
"2057","SC",0,0,"20200306",5,0
"2058","TN",1,0,"20200306",1,0
"2059","TX",5,4,"20200306",5,4
"2060","VA",0,0,"20200306",21,3
"2061","VT",0,0,"20200306",8,0
"2062","WA",149,53,"20200306",519,423
"2063","WI",1,0,"20200306",32,12
"2064","WV",0,0,"20200306",1,0
"2065","AZ",2,0,"20200305",30,1
"2066","CA",53,0,"20200305",515,0
"2067","CO",0,0,"20200305",19,0
"2068","DC",0,0,"20200305",6,0
"2069","FL",9,7,"20200305",40,14
"2070","GA",2,0,"20200305",2,0
"2071","IL",5,1,"20200305",170,42
"2072","MA",2,0,"20200305",2,0
"2073","MD",0,0,"20200305",17,0
"2074","MI",0,0,"20200305",8,0
"2075","NC",1,0,"20200305",1,0
"2076","NE",0,0,"20200305",17,0
"2077","NH",2,0,"20200305",18,6
"2078","NJ",1,0,"20200305",1,0
"2079","NV",1,0,"20200305",15,0
"2080","NY",22,16,"20200305",98,44
"2081","OH",0,0,"20200305",7,0
"2082","OR",3,0,"20200305",48,16
"2083","RI",2,0,"20200305",19,6
"2084","SC",0,0,"20200305",5,0
"2085","TN",1,0,"20200305",1,0
"2086","TX",1,0,"20200305",1,0
"2087","VA",0,0,"20200305",18,0
"2088","WA",96,20,"20200305",96,20
"2089","WI",1,0,"20200305",20,0
"2090","AZ",2,0,"20200304",29,0
"2091","CA",53,0,"20200304",515,0
"2092","FL",2,0,"20200304",26,0
"2093","GA",2,0,"20200304",2,0
"2094","IL",4,0,"20200304",128,0
"2095","MA",2,0,"20200304",2,0
"2096","NC",1,0,"20200304",1,0
"2097","NH",2,0,"20200304",12,0
"2098","NY",6,0,"20200304",54,0
"2099","OR",3,0,"20200304",32,0
"2100","RI",2,0,"20200304",13,5
"2101","SC",0,0,"20200304",5,0
"2102","TX",1,0,"20200304",1,0
"2103","WA",76,18,"20200304",76,18
"2104","WI",1,0,"20200304",20,0
"2105","RI",2,1,"20200303",8,7
"2106","WA",58,24,"20200303",58,24
"2107","RI",1,0,"20200302",1,0
"2108","WA",34,4,"20200302",34,4
"2109","RI",1,0,"20200301",1,0
"2110","WA",30,12,"20200301",30,12
"2111","WA",18,9,"20200229",18,9
"2112","WA",9,0,"20200228",9,0
"2113","Italy",229,74,"Feb 24, 2020",4324,4324
"2114","Italy",322,93,"Feb 25, 2020",8623,4299
"2115","Italy",453,131,"Feb 26, 2020",9587,964
"2116","Italy",655,202,"Feb 27, 2020",12014,2427
"2117","Italy",888,233,"Feb 28, 2020",15695,3681
"2118","Italy",1128,240,"Feb 29, 2020",18661,2966
"2119","Italy",1694,566,"Mar 1, 2020",21127,2466
"2120","Italy",2036,342,"Mar 2, 2020",23345,2218
"2121","Italy",2502,466,"Mar 3, 2020",25856,2511
"2122","Italy",3089,587,"Mar 4, 2020",29837,3981
"2123","Italy",3858,769,"Mar 5, 2020",32362,2525
"2124","Italy",4636,778,"Mar 6, 2020",36359,3997
"2125","Italy",5883,1247,"Mar 7, 2020",42062,5703
"2126","Italy",7375,1492,"Mar 8, 2020",49937,7875
"2127","Italy",9172,1797,"Mar 9, 2020",53826,3889
"2128","Italy",10149,977,"Mar 10, 2020",60761,6935
"2129","Italy",12462,2313,"Mar 11, 2020",73154,12393
"2130","Italy",12462,0,"Mar 12, 2020",86011,12857
"2131","Italy",17660,5198,"Mar 13, 2020",97488,11477
"2132","Italy",21157,3497,"Mar 14, 2020",109170,11682
"2133","Italy",24747,3590,"Mar 15, 2020",124899,15729
"2134","Italy",27980,3233,"Mar 16, 2020",137962,13063
"2135","Italy",31506,3526,"Mar 17, 2020",148657,10695
"2136","Italy",35713,4207,"Mar 18, 2020",165541,16884
"2137","Italy",41035,5322,"Mar 19, 2020",182777,17236
"2138","Italy",47021,5986,"Mar 20, 2020",206886,24109
"2139","Italy",53578,6557,"Mar 21, 2020",233222,26336
"2140","Italy",59138,5560,"Mar 22, 2020",258402,25180
"2141","Italy",63927,4789,"Mar 23, 2020",275468,17066
"2142","Italy",69176,5249,"Mar 24, 2020",296964,21496
"2143","Italy",74386,5210,"Mar 25, 2020",324445,27481
"2144","Italy",80589,6203,"Mar 26, 2020",361060,36615
"2145","Italy",86498,5909,"Mar 27, 2020",394079,33019
"2146","Italy",92472,5974,"Mar 28, 2020",429526,35447
"2147","Italy",97689,5217,"Mar 29, 2020",454030,24504
"2148","Italy",101739,4050,"Mar 30, 2020",477359,23329
"2149","Italy",105792,4053,"Mar 31, 2020",506968,29609
"2150","Italy",110574,4782,"Apr 1, 2020",541423,34455
"2151","Italy",115242,4668,"Apr 2, 2020",581232,39809
"2152","Italy",119827,4585,"Apr 3, 2020",619849,38617
"2153","Italy",124632,4805,"Apr 4, 2020",657224,37375
"2154","Italy",128948,4316,"Apr 5, 2020",691461,34237
"2155","Italy",132547,3599,"Apr 6, 2020",721732,30271
"2156","Italy",135586,3039,"Apr 7, 2020",755445,33713
"2157","Italy",139422,3836,"Apr 8, 2020",807125,51680
